c5,c119,phi4mini_instruct_triplets,phi4mini_instruct_triplets_clean
19780527014729A,ACORNS LODGED IN CARB AIR BOX ASSEMBLY.                                                                            ,"<ACORNS, AFFECTED PART, CARB AIR BOX ASSEMBLY>","<ACORNS, AFFECTED PART, CARB AIR BOX ASSEMBLY>"
19780616046119I,PRECAUTIONARY LANDING DUE TO LOW POWER. CARBURETOR HEAT WAS PARTIALLY OPEN CAUSING AN OVER RICH MIXTURE.           ,"<FLIGHT, CONDITION, LOW POWER>
<FLIGHT, CAUSE, CARBURETOR HEAT WAS PARTIALLY OPEN>
<FLIGHT, CAUSE, OVER RICH MIXTURE>","<FLIGHT, CONDITION, LOW POWER>
<FLIGHT, CAUSE, CARBURETOR HEAT WAS PARTIALLY OPEN>
<FLIGHT, CAUSE, OVER RICH MIXTURE>"
19780616046129I,"NOSE GEAR COULD NOT BE FULLY EXTENDED, COLLAPSED ON TOUCHDOWN. NOSE GEAR DOORS HAD BEEN LEFT UNHOOKED, JAMMED.     ","<NOSE GEAR, CONDITION, COULD NOT BE FULLY EXTENDED>
<NOSE GEAR, CONDITION, COLLAPSED ON TOUCHDOWN>
<NOSE GEAR DOORS, CONDITION, HAD BEEN LEFT UNHOOKED, JAMMED>","<NOSE GEAR, CONDITION, COULD NOT BE FULLY EXTENDED>
<NOSE GEAR, CONDITION, COLLAPSED ON TOUCHDOWN>
<NOSE GEAR DOORS, CONDITION, HAD BEEN LEFT UNHOOKED, JAMMED>"
19780619046649I,PILOT RETURNED DUE TO CONTROL PROBLEMS. FOUND THAT THE INBOARD END OF AILERON PUSH ROD WAS NOT CONNECTED.          ,"<PILOT, ACTION, RETURNED DUE TO CONTROL PROBLEMS>
<PILOT, ISSUE, INBOARD END OF AILERON PUSH ROD NOT CONNECTED>","<PILOT, ACTION, RETURNED DUE TO CONTROL PROBLEMS>
<PILOT, ISSUE, INBOARD END OF AILERON PUSH ROD NOT CONNECTED>"
19780622016229A,ROPE CAUGHT ON GLIDER WHEEL BRACKET.                                                                               ,"<GLIDER WHEEL BRACKET, CAUSE, ROPE Caught On>","<GLIDER WHEEL BRACKET, CAUSE, ROPE Caught On>"
19780429007189A,OIL PR DROPPED TO ZERO.PLT SHUT DN ENG.WING HIT TREE ADJACENT TO IL CAP NOT SECURED.                               ,"<PLT, OIL PR DROPPED TO ZERO, ZERO>
<PLT, ENG, SHUT DN>
<PLT, WING, HIT TREE, TREE>
<PLT, WING, NOT SECURED, NOT SECURED>","<PLT, OIL PR DROPPED TO ZERO, ZERO>
<PLT, ENG, SHUT DN>
<PLT, WING, HIT TREE, TREE>
<PLT, WING, NOT SECURED, NOT SECURED>"
19780623018469A,"LOOSE BATTERY POST,LOSS OF ALTERNATOR EXCITING CURRENT.                                                            ","<LOSS OF POWER, CAUSE, LOSE BATTERY POST>
<LOSS OF POWER, CAUSE, LOSS OF ALTERNATOR EXCITING CURRENT>","<LOSS OF POWER, CAUSE, LOSE BATTERY POST>
<LOSS OF POWER, CAUSE, LOSS OF ALTERNATOR EXCITING CURRENT>"
19780607020299A,BECAME AIRBORNE AFTER TKOF ABORTED.                                                                                ,"<ACFT N42807, EVENT, BECAME AIRBORNE AFTER TKOF ABORTED>","<ACFT N42807, EVENT, BECAME AIRBORNE AFTER TKOF ABORTED>"
19780603041639I,FLIGHT APPARENTLY TOOK OFF WITH THE REAR CABIN ENTRY DOOR OPEN. DOOR WAS CLOSED IN FLIGHT.                         ,"<FLIGHT, ACTION, TOOK OFF>
<FLIGHT, CONDITION, REAR CABIN ENTRY DOOR OPEN>
<FLIGHT, CONDITION, REAR CABIN ENTRY DOOR CLOSED IN FLIGHT>","<FLIGHT, ACTION, TOOK OFF>
<FLIGHT, CONDITION, REAR CABIN ENTRY DOOR OPEN>
<FLIGHT, CONDITION, REAR CABIN ENTRY DOOR CLOSED IN FLIGHT>"
19780607010749A,FULL NOSE DOWN TRIM.                                                                                               ,"<NOSE TRIM, FULL NOSE DOWN TRIM>","<NOSE TRIM, FULL NOSE DOWN TRIM>"
19780607016509A,"TKOF FROM TRAILER,NO LOAD. R SKID TIEDOWN NOT REMOVED.                                                             ","<TKOF, CONDITION, FROM TRAILER, NO LOAD>
<TKOF, SKID TIEDOWN, NOT REMOVED, R SKID>","<TKOF, CONDITION, FROM TRAILER, NO LOAD>
<TKOF, SKID TIEDOWN, NOT REMOVED, R SKID>"
19780623036259I,PILOT LANDED ON BEACH AFTER NOTING SMOKE AND FUMES IN COCKPIT CAUSED BY GRASS AND DIRT IN ENGINE COMPARTMENT       ,"<PILOT, EVENT DISTANCE, LANDED ON BEACH>","<PILOT, EVENT DISTANCE, LANDED ON BEACH>"
19780623036419I,PILOT LANDED AFTER NOTING OIL ON WINDSHIELD. OIL CAP WAS LOOSE.                                                    ,"<PILOT, HAS EFFECT, LANDED AFTER NOTING OIL ON WINDSHIELD>
<PILOT, HAS EFFECT, OIL CAP WAS LOOSE>","<PILOT, HAS EFFECT, LANDED AFTER NOTING OIL ON WINDSHIELD>
<PILOT, HAS EFFECT, OIL CAP WAS LOOSE>"
19780624034629I,PILOT STRUCK WIRES AFTER ENGINE STOPPED AND STARTED AGAIN AFTER SWITCHING TANK. VENT STOPPED UP BY MUD DAUBERS.    ,"<PILOT, HAS EFFECT, STRUCK WIRES>
<ENGINE, STOPPED, VENT STOPPED UP BY MUD DAUBERS>","<PILOT, HAS EFFECT, STRUCK WIRES>
<ENGINE, STOPPED, VENT STOPPED UP BY MUD DAUBERS>"
19780625035919I,ENGINE QUIT AT 250 FEET ON CLIMBOUT. WATER AND OTHER FOREIGN MATERIAL FOUND IN THE GASCOLATOR BOWL.                ,"<ENGINE, QUIT, AT 250 FEET ON CLIMBOUT>
<ENGINE, HAS EFFECT, WATER AND OTHER FOREIGN MATERIAL IN GASCOLATOR BOWL>","<ENGINE, QUIT, AT 250 FEET ON CLIMBOUT>
<ENGINE, HAS EFFECT, WATER AND OTHER FOREIGN MATERIAL IN GASCOLATOR BOWL>"
19780625035779I,ENGINE STOPPED SOON AFTER TAKEOFF DUE TO FUEL SELECTOR MOVED BY A PASSENGER DURING LOADING.                        ,"<ENGINE, HAS EFFECT, FUEL SELECTOR MOVED BY A PASSENGER DURING LOADING>
<ENGINE, EVENT DISTANCE, SOON AFTER TAKEOFF>","<ENGINE, HAS EFFECT, FUEL SELECTOR MOVED BY A PASSENGER DURING LOADING>
<ENGINE, EVENT DISTANCE, SOON AFTER TAKEOFF>"
19780626034739I,ENGINE STOPPED ON NEWLY PURCHASED AIRPLANE DUE TO WATER IN THE FUEL SYSTEM. HAD BEEN STORED OUTSIDE.               ,"<ENGINE, HAS CAUSE, WATER IN THE FUEL SYSTEM>
<NEWLY PURCHASED AIRPLANE, LOCATION, STORED OUTSIDE>","<ENGINE, HAS CAUSE, WATER IN THE FUEL SYSTEM>
<NEWLY PURCHASED AIRPLANE, LOCATION, STORED OUTSIDE>"
19780812020899A,MUD DOBBER(WASP)NEST IN FUEL VENT LINE.                                                                            ,"<MUD DOBBER(WASP)NEST, LOCATED IN, FUEL VENT LINE>","<MUD DOBBER(WASP)NEST, LOCATED IN, FUEL VENT LINE>"
19780712023399A,NO NARRATIVE.                                                                                                      ,,
19780810035619A,LOW OIL STATE.LNDD IN FLOODED ALFALFA FIELD.                                                                       ,,
19780820049069I,LOSS OF ENGINE POWER AFTER TAKEOFF. LANDED STRAIGHT AHEAD IN OAT FIELD. WATER IN FUEL.                             ,"<LOSS OF ENGINE POWER AFTER TAKEOFF, CAUSED, LANDING STRAIGHT AHEAD IN OAT FIELD>
<LANDING STRAIGHT AHEAD IN OAT FIELD, HAS EFFECT, WATER IN FUEL>","<LOSS OF ENGINE POWER AFTER TAKEOFF, CAUSED, LANDING STRAIGHT AHEAD IN OAT FIELD>
<LANDING STRAIGHT AHEAD IN OAT FIELD, HAS EFFECT, WATER IN FUEL>"
19780805024609A,PLT INADVERTENTLY MOVED MIXTURE CONTROL TO CUT OFF POSITION WHILEEMPTING TO LEAN MIXTURE.                          ,"<PLT, HAS EFFECT, MOVED MIXTURE CONTROL TO CUT OFF POSITION>","<PLT, HAS EFFECT, MOVED MIXTURE CONTROL TO CUT OFF POSITION>"
19780704042039I,"PILOT DEPARTED WITH INOPERATIVE RADIO, THEN UNABLE TO FIND DESTINATION. WHEN NEARLY OUT OF FUEL FOUND AN AIRPORT.  ","<PILOT, INOPERATIVE RADIO, DEPARTED WITH>
<PILOT, UNABLE TO FIND DESTINATION, THEN FOUND AN AIRPORT>
<PILOT, NEARLY OUT OF FUEL, FOUND AN AIRPORT>","<PILOT, INOPERATIVE RADIO, DEPARTED WITH>
<PILOT, UNABLE TO FIND DESTINATION, THEN FOUND AN AIRPORT>
<PILOT, NEARLY OUT OF FUEL, FOUND AN AIRPORT>"
19780822026439A,ACFT BEING FERRIED FOR MAINT. SEAT RETAINERS MISSING.                                                              ,"<ACFT, MAINTENED BY, MAINT. SEAT RETAINERS MISSING>","<ACFT, MAINTENED BY, MAINT. SEAT RETAINERS MISSING>"
19780726036499I,"AIRCRAFT VEERED LEFT DURING TAKEOFF, GOT AIRBORNE. NOSE GEAR DID NOT CENTER DUE TO INFLATION AND CAM ADJUSTMENT    ","<NOSE GEAR, DID NOT CENTER DUE TO, INFLATION AND CAM ADJUSTMENT>
<NOSE GEAR, DID NOT CENTER DUE TO, AIRCRAFT VEERED LEFT DURING TAKEOFF>","<NOSE GEAR, DID NOT CENTER DUE TO, INFLATION AND CAM ADJUSTMENT>
<NOSE GEAR, DID NOT CENTER DUE TO, AIRCRAFT VEERED LEFT DURING TAKEOFF>"
19780629034269I,FLIGHT HAD FILED IFR BUT TOOK OFF VFR. WAS CONSIDERED A RADIO FAILURE BY ATC. ALSO CARGO DOOR WAS OPENED ON TAKEOFF,,
19780725039589I,PILOT REFUELED FROM A 55 GAL DRUM AND DID NOT CHECK FOR WATER. ENGINE QUIT ON TAKEOFF DUE TO WATER IN THE FUEL.    ,"<PILOT, USED BY, 55 GAL DRUM>
<PILOT, CAUSE, ENGINE QUIT>
<ENGINE, HAS EFFECT, QUIT ON TAKEOFF>
<ENGINE, HAS CAUSE, WATER IN THE FUEL>","<PILOT, USED BY, 55 GAL DRUM>
<PILOT, CAUSE, ENGINE QUIT>
<ENGINE, HAS EFFECT, QUIT ON TAKEOFF>
<ENGINE, HAS CAUSE, WATER IN THE FUEL>"
19780708043109I,STUDENT PILOT LOST POWER ON TAKEOFF DUE TO MAIN FUEL SUMP LEFT OPEN DURING PREFLIGHT.OVERSHOT ON AIRPORT LANDING   ,"<STUDENT PILOT, LOST POWER, MAIN FUEL SUMP LEFT OPEN DURING PREFLIGHT>
<STUDENT PILOT, LOST POWER, OVERSHOT ON AIRPORT LANDING>","<STUDENT PILOT, LOST POWER, MAIN FUEL SUMP LEFT OPEN DURING PREFLIGHT>
<STUDENT PILOT, LOST POWER, OVERSHOT ON AIRPORT LANDING>"
19780723038809I,STUDENT PILOT RAN OUT OF FUEL. IT IS LIKELY THAT THE FUEL DRAIN WAS RUNNING AND NOT DETECTED.                      ,"<STUDENT PILOT, HAS EFFECT, RAN OUT OF FUEL>
<STUDENT PILOT, LIKELY CAUSED BY, FUEL DRAIN RUNNING AND NOT DETECTED>","<STUDENT PILOT, HAS EFFECT, RAN OUT OF FUEL>
<STUDENT PILOT, LIKELY CAUSED BY, FUEL DRAIN RUNNING AND NOT DETECTED>"
19780808049579I,FLIGHT RETURNED AFTER OIL LOSS. PILOT FAILED TO SECURE OIL STICK.                                                  ,"<FLIGHT, HAS EFFECT, PILOT FAILED TO SECURE OIL STICK>","<FLIGHT, HAS EFFECT, PILOT FAILED TO SECURE OIL STICK>"
19780808049829I,RAN OFF SIDE OF RUNWAY AFTER LOOSE WHEEL FAIRING JAMMED TIRE ON TAKEOFF.                                           ,,
19780809049919I,"LEFT GEAR COLLAPSED ON ROLL OUT, HYDRAULIC SYSTEM LOW ON FLUID.                                                    ","<LEFT GEAR, HAS EFFECT, COLLAPSED ON ROLL OUT>
<LEFT GEAR, MAINTAINED BY, HYDRAULIC SYSTEM>
<HYDRAULIC SYSTEM, HAS CAUSE, LOW ON FLUID>","<LEFT GEAR, HAS EFFECT, COLLAPSED ON ROLL OUT>
<LEFT GEAR, MAINTAINED BY, HYDRAULIC SYSTEM>
<HYDRAULIC SYSTEM, HAS CAUSE, LOW ON FLUID>"
19780811037539I,FORCED LANDING AFTER ENGINE QUIT. DRAINED WATER FROM FUEL TANK.                                                    ,"<ENGINE QUIT, CAUSED, FORCED LANDING>
<ENGINE QUIT, HAS EFFECT, DRAINED WATER FROM FUEL TANK>","<ENGINE QUIT, CAUSED, FORCED LANDING>
<ENGINE QUIT, HAS EFFECT, DRAINED WATER FROM FUEL TANK>"
19780814037299I,GEAR RETRACTED ON TAKEOFF. FOUND FAULTY GEAR ACTUATOR SWITCH.                                                      ,"<GEAR ACTUATOR SWITCH, FOUND FAULTY, GEAR RETRACTOR>","<GEAR ACTUATOR SWITCH, FOUND FAULTY, GEAR RETRACTOR>"
19780825038179I,15 MINUTES AFTER TAKEOFF AIRCRAFT WAS LANDED ON GOLF COURSE DUE TO FUEL EXHAUSTION.                                ,"<15 MINUTES AFTER TAKEOFF, EVENT DISTANCE, LANDED ON GOLF COURSE DUE TO FUEL EXHAUSTION>","<15 MINUTES AFTER TAKEOFF, EVENT DISTANCE, LANDED ON GOLF COURSE DUE TO FUEL EXHAUSTION>"
19780831038519I,"FLIGHT DIVERTED AFTER CREW NOTICED COWLING LOOSE. AFTER LANDING, COWLING STRUCK PROP AND BROKE INTO PIECES.        ","<FLIGHT, EVENT DISTANCE, AFTER LANDING, COWLING STRUCK PROP>
<COWLING, HAS EFFECT, BROKE INTO PIECES>","<FLIGHT, EVENT DISTANCE, AFTER LANDING, COWLING STRUCK PROP>
<COWLING, HAS EFFECT, BROKE INTO PIECES>"
19780901016759I,UNABLE TO EXTEND NOSE GEAR BEFORE LANDING. GEAR WAS JAMMED DUE TO DEFLATED NOSE GEAR STRUT.                        ,"<NOSE GEAR, HAS EFFECT, JAMMED>
<NOSE GEAR STRUT, HAS CAUSE, DEFLATED>","<NOSE GEAR, HAS EFFECT, JAMMED>
<NOSE GEAR STRUT, HAS CAUSE, DEFLATED>"
19780904017739I,FORCED LANDING AFTER POWER LOSS. HELICOPTER HAD BEEN SERVICED WITH JET FUEL.                                       ,"<HELICOPTER, HAS EFFECT, FORCED LANDING AFTER POWER LOSS>
<HELICOPTER, USED BY, JET FUEL>","<HELICOPTER, HAS EFFECT, FORCED LANDING AFTER POWER LOSS>
<HELICOPTER, USED BY, JET FUEL>"
19780907018599I,WING FLOATS DAMAGED ON LANDING. NOSE GAR DOOR LINKAGE HAD BROKEN CAUSING SHARP TURN.                               ,"<WING FLOATS, HAS EFFECT, NOSE GAR DOOR LINKAGE BROKEN>
<NOSE GAR DOOR, HAS EFFECT, SHARP TURN>","<WING FLOATS, HAS EFFECT, NOSE GAR DOOR LINKAGE BROKEN>
<NOSE GAR DOOR, HAS EFFECT, SHARP TURN>"
19780920018899I,"EXPLOSION HEARD DURING ENGINE START, PILOT MISTOOK FOR BACKFIRE, BEGAN FLIGHT. LATER FOUND EXHAUST TUNNELS DAMAGED.","<EXPLOSION, HAS EFFECT, PILOT MISTOOK FOR BACKFIRE>
<BEGAN FLIGHT, FOLLOWED BY, EXPLOSION HEARD DURING ENGINE START>
<BEGAN FLIGHT, EVENT DISTANCE, LATER, EXPLOSION HEARD DURING ENGINE START>
<BEGAN FLIGHT, LOCATION, EXHAUST TUNNELS>","<EXPLOSION, HAS EFFECT, PILOT MISTOOK FOR BACKFIRE>
<BEGAN FLIGHT, FOLLOWED BY, EXPLOSION HEARD DURING ENGINE START>
<BEGAN FLIGHT, EVENT DISTANCE, LATER, EXPLOSION HEARD DURING ENGINE START>
<BEGAN FLIGHT, LOCATION, EXHAUST TUNNELS>"
19781018032569I,PILOT UNABLE TO GET THE NOSE WHEEL DOWN. A TOW BAR WAS WEDGED INTO THE WHEEL WELL.                                 ,"<PILOT, EVENT DISTANCE, UNABLE TO GET THE NOSE WHEEL DOWN>
<PILOT, LOCATION, WHEEL WELL>
<TOW BAR, LOCATION, WHEEL WELL>","<PILOT, EVENT DISTANCE, UNABLE TO GET THE NOSE WHEEL DOWN>
<PILOT, LOCATION, WHEEL WELL>
<TOW BAR, LOCATION, WHEEL WELL>"
19781102023549I,FORCED LANDING AFTER POWER LOSS. FOUND WATER IN FUEL.                                                              ,"<FORCED LANDING AFTER POWER LOSS, HAS EFFECT, FOUND WATER IN FUEL>
<FOUND WATER IN FUEL, HAS EFFECT, FORCED LANDING AFTER POWER LOSS>","<FORCED LANDING AFTER POWER LOSS, HAS EFFECT, FOUND WATER IN FUEL>
<FOUND WATER IN FUEL, HAS EFFECT, FORCED LANDING AFTER POWER LOSS>"
19781102023729I,AIRCRAFT STRUCK DITCH WHILE TAXIING AT NIGHT WITHOUT TAXI LIGHT. BATTERY WAS TOO WEAK DUE TO GENERATOR FAILURE.    ,"<AT NIGHT, AIRCRAFT, STRUCK DITCH>
<TAXIING, AIRCRAFT, STRUCK DITCH>
<WEAK BATTERY, CAUSE, GENERATOR FAILURE>","<AT NIGHT, AIRCRAFT, STRUCK DITCH>
<TAXIING, AIRCRAFT, STRUCK DITCH>
<WEAK BATTERY, CAUSE, GENERATOR FAILURE>"
19780921019829I,"WHILE TAXIING TO MAINTENANCE HANGAR, PILOT LOST NOSE WHEEL STEERING. WINGTIP HIT HANGAR, CAUGHT ON FIRE.           ","<TAXIING AIRCRAFT, EVENT DISTANCE, LOST NOSE WHEEL STEERING>
<TAXIING AIRCRAFT, LOCATION, MAINTENANCE HANGAR>
<WINGTIP, HAS EFFECT, HIT HANGAR>
<WINGTIP, HAS EFFECT, CAUGHT ON FIRE>","<TAXIING AIRCRAFT, EVENT DISTANCE, LOST NOSE WHEEL STEERING>
<TAXIING AIRCRAFT, LOCATION, MAINTENANCE HANGAR>
<WINGTIP, HAS EFFECT, HIT HANGAR>
<WINGTIP, HAS EFFECT, CAUGHT ON FIRE>"
19780925018069I,ENGINE SHUTDOWN DUE TO SMOKE FROM NACELLE. GEAR RETRACTED ON LANDING ROLLOUT.                                      ,"<ENGINE, HAS EFFECT, GEAR RETRACTED ON LANDING ROLLOUT>","<ENGINE, HAS EFFECT, GEAR RETRACTED ON LANDING ROLLOUT>"
19780903028619A,PILOT WAS AWARE OF EXCESSIVE WATER IN FUEL.                                                                        ,"<PILOT, HAS EFFECT, EXCESSIVE WATER IN FUEL>","<PILOT, HAS EFFECT, EXCESSIVE WATER IN FUEL>"
19780923027059I,AIRCRAFT HAD TOTAL ELECTRICAL FAILURE ON FINAL. GEAR PARTIALLY EXTENDED AND COLLAPSED ON TOUCHDOWN.                ,"<THE AIRCRAFT, HAS EFFECT, GEAR PARTIALLY EXTENDED>
<THE AIRCRAFT, HAS EFFECT, COLLAPSED ON TOUCHDOWN>","<THE AIRCRAFT, HAS EFFECT, GEAR PARTIALLY EXTENDED>
<THE AIRCRAFT, HAS EFFECT, COLLAPSED ON TOUCHDOWN>"
19780908034669A,GENERATOR SHORTING.                                                                                                ,"<GENERATOR SHORTING, HAS CAUSE, GENERATOR CIRCUIT BREAKER SWITCH>","<GENERATOR SHORTING, HAS CAUSE, GENERATOR CIRCUIT BREAKER SWITCH>"
19781020041019A,ACFT STRUCK COM POLES & CONCRETE WALL & BURNED. NO 4 ROD ASY (PN 41A2) FAILED FOR UNKN RSN.                        ,"<ACFT, HAS EFFECT, STRUCK COM POLES & CONCRETE WALL & BURNED>
<ACFT, HAS EFFECT, NO 4 ROD ASY (PN 41A2) FAILED>","<ACFT, HAS EFFECT, STRUCK COM POLES & CONCRETE WALL & BURNED>
<ACFT, HAS EFFECT, NO 4 ROD ASY (PN 41A2) FAILED>"
19781021036569A,DMGD WING & AILERON DRG PREVIOUS LDG.                                                                              ,"<DMGD WING, HAS EFFECT, AILERON DRG PREVIOUS LDG>","<DMGD WING, HAS EFFECT, AILERON DRG PREVIOUS LDG>"
19781009029939I,"ENGINE LOST POWER AFTER LIFTOFF, LANDED GEAR UP ON THE TAKEOFF RUNWAY. HAD BEEN TOPPED OFF WITH JET FUEL.          ","<ENGINE, HAS EFFECT, LOST POWER AFTER LIFTOFF>
<ENGINE, HAS EFFECT, LANDED GEAR UP ON THE TAKEOFF RUNWAY>
<ENGINE, HAS EFFECT, TOPPED OFF WITH JET FUEL>","<ENGINE, HAS EFFECT, LOST POWER AFTER LIFTOFF>
<ENGINE, HAS EFFECT, LANDED GEAR UP ON THE TAKEOFF RUNWAY>
<ENGINE, HAS EFFECT, TOPPED OFF WITH JET FUEL>"
19780829037939I,ENGINE QUIT AFTER LIFTOFF DUE TO WATER IN FUEL. LANDED ON REMAINING RUNWAY GEAR UP.                                ,"<ENGINE QUIT, HAS EFFECT, LANDED ON REMAINING RUNWAY GEAR UP>
<ENGINE QUIT, HAS CAUSE, WATER IN FUEL>","<ENGINE QUIT, HAS EFFECT, LANDED ON REMAINING RUNWAY GEAR UP>
<ENGINE QUIT, HAS CAUSE, WATER IN FUEL>"
19790119001139A,AIRCRAFT FAILED TO CLIMB AFTER LIFTOFF DUE TO AIRFRAME ICE. STRUCK A FENCE AND WENT INVERTED.                      ,"<AIRFRAME ICE, HAS EFFECT, FAILED TO CLIMB AFTER LIFTOFF>
<FAIL TO CLIMB AFTER LIFTOFF DUE TO AIRFRAME ICE, EVENT DISTANCE, STRUCK A FENCE>
<FAIL TO CLIMB AFTER LIFTOFF DUE TO AIRFRAME ICE, EVENT DISTANCE, WENT INVERTED>","<AIRFRAME ICE, HAS EFFECT, FAILED TO CLIMB AFTER LIFTOFF>
<FAIL TO CLIMB AFTER LIFTOFF DUE TO AIRFRAME ICE, EVENT DISTANCE, STRUCK A FENCE>
<FAIL TO CLIMB AFTER LIFTOFF DUE TO AIRFRAME ICE, EVENT DISTANCE, WENT INVERTED>"
19781108022269I,RAN OFF SIDE OF TAXIWAY AT NIGHT. LANDING LIGHT INOPERATIVE.                                                       ,,
19781114026859I,FORCED LANDING IN FIELD AFTER ENGINE QUIT. FOUND ICE IN FUEL LINES.                                                ,"<ENGINE, HAS EFFECT, QUIT>
<ENGINE, HAS CAUSE, FORCED LANDING IN FIELD>
<FUEL LINES, HAS EFFECT, QUIT>
<FUEL LINES, HAS CAUSE, ENGINE QUIT>
<ICE IN FUEL LINES, HAS EFFECT, ENGINE QUIT>","<ENGINE, HAS EFFECT, QUIT>
<ENGINE, HAS CAUSE, FORCED LANDING IN FIELD>
<FUEL LINES, HAS EFFECT, QUIT>
<FUEL LINES, HAS CAUSE, ENGINE QUIT>
<ICE IN FUEL LINES, HAS EFFECT, ENGINE QUIT>"
19781120025989I,DIP STICK NOT PROPERLY SECURED. ENGINE SHUT DOWN DUE TO OIL LOSS. SINGLE GENERATOR FAILED DUE TO OVERLOAD.         ,"<DIP STICK, NOT SECURED, PROPERLY>
<ENGINE, SHUT DOWN DUE TO, OIL LOSS>
<ENGINE, SINGLE GENERATOR, FAILED DUE TO, OVERLOAD>","<DIP STICK, NOT SECURED, PROPERLY>
<ENGINE, SHUT DOWN DUE TO, OIL LOSS>
<ENGINE, SINGLE GENERATOR, FAILED DUE TO, OVERLOAD>"
19781128024449I,"LANDING IN FIELD DUE TO POWER LOSS, WATER IN FUEL SYSTEM. WATER CAME FROM A FUEL STORAGE TANK.                     ",,
19781230019999I,PILOT ASSUMED TANKS TO BE FULL. DID NOT CHECK. ONE ENGINE QUIT ON TAKEOFF DUE TO FUEL STARVATION.                  ,"<PILOT, HAS EFFECT, ONE ENGINE QUIT ON TAKEOFF DUE TO FUEL STARVATION>","<PILOT, HAS EFFECT, ONE ENGINE QUIT ON TAKEOFF DUE TO FUEL STARVATION>"
19781230020029I,ENGINE FALURE FOLLOWED BY TOTAL ELECTRICAL FAILURE. BATTERY KNOWN TO BE BAD. FUEL CONTROL UNIT POOR CONDITION.     ,"<ENGINE FALURE, HAS EFFECT, TOTAL ELECTRICAL FAILURE>
<ENGINE FALURE, HAS EFFECT, BATTERY KNOWN TO BE BAD>
<ENGINE FALURE, HAS EFFECT, FUEL CONTROL UNIT POOR CONDITION>","<ENGINE FALURE, HAS EFFECT, TOTAL ELECTRICAL FAILURE>
<ENGINE FALURE, HAS EFFECT, BATTERY KNOWN TO BE BAD>
<ENGINE FALURE, HAS EFFECT, FUEL CONTROL UNIT POOR CONDITION>"
19790106001239I,"ICY RAMP AND RUNWAY, PILOT FAILED TO RELEASE BRAKES. TIRES BLOWN ON LANDING.                                       ","<PILOT, FAILED TO RELEASE BRAKES, ICY RAMP AND RUNWAY>
<PILOT, CAUSED, TIRES BLOWN ON LANDING>
<TIRES, CAUSED, BLOWN ON LANDING>","<PILOT, FAILED TO RELEASE BRAKES, ICY RAMP AND RUNWAY>
<PILOT, CAUSED, TIRES BLOWN ON LANDING>
<TIRES, CAUSED, BLOWN ON LANDING>"
19790107000829I,"ENGINE FLAMED OUT DURING TAXI, APPROXIMATELY 6 QTS. OF WATER DRAINED FROM LEFT NACELLE AND BOOST PUMP.             ","<ENGINE, HAS EFFECT, FLAMED OUT>
<ENGINE, HAS EFFECT, DRAINED 6 QTS OF WATER FROM LEFT NACELLE AND BOOST PUMP>","<ENGINE, HAS EFFECT, FLAMED OUT>
<ENGINE, HAS EFFECT, DRAINED 6 QTS OF WATER FROM LEFT NACELLE AND BOOST PUMP>"
19790111000619I,ENGINE QUIT AFTER LIFTOFF. LANDED GEAR UP. FOUND WATER IN FUEL AND 3 FOULED SPARK PLUGS.                           ,"<ENGINE, HAS EFFECT, QUIT AFTER LIFTOFF>
<LANDING, FOLLOWED BY, LANDED GEAR UP>
<Fuel, HAS EFFECT, FOUND WATER IN FUEL>
<Fuel, HAS EFFECT, 3 FOULED SPARK PLUGS>","<ENGINE, HAS EFFECT, QUIT AFTER LIFTOFF>
<LANDING, FOLLOWED BY, LANDED GEAR UP>
<Fuel, HAS EFFECT, FOUND WATER IN FUEL>
<Fuel, HAS EFFECT, 3 FOULED SPARK PLUGS>"
19790113001939I,ENGINE STOPPED DUE TO WATER IN ALL OF THE FUEL SYSTEM. LANDED ON THE AIRPORT.                                      ,"<ENGINE, HAS EFFECT, STOPPED DUE TO WATER IN ALL OF THE FUEL SYSTEM>
<Landed Aircraft, LOCATION, AIRPORT>","<ENGINE, HAS EFFECT, STOPPED DUE TO WATER IN ALL OF THE FUEL SYSTEM>
<Landed Aircraft, LOCATION, AIRPORT>"
19790116002119I,EMERGENCY LIFT-OFF AND GO AROUND DUE TO MAINTENANCE EQUIPMENT ON THE RUNWAY                                        ,,
19790123003659I,PILOT DISCOVERED HE HAD NO LEFT BRAKE DURING TAXI.                                                                 ,"<PILOT, DISCOVERED, NO LEFT BRAKE DURING TAXI>","<PILOT, DISCOVERED, NO LEFT BRAKE DURING TAXI>"
19790127003899I,RAN OUT OF OIL ON INSTRUCTIONAL FLIGHT. ENGINE FAILED INTERNALLY.                                                  ,"<RAN OUT OF OIL, CAUSE, ENGINE FAILED INTERNALLY>","<RAN OUT OF OIL, CAUSE, ENGINE FAILED INTERNALLY>"
19781110039789A,WITNESS STATED 1/4IN ICE ON AIRCRAFT.                                                                              ,,
19781104034149A,R SKID HUNG UP ON R TIE DOWN STRAPS OF TRAILER.                                                                    ,,
19781205041369A,PLT SEL CERTIFICATED.ELEVATOR GUST LOCK FOUND IN EARLY PART OF CRPATH BFR BREAK UP.                                ,,
19781119026389I,"AS PILOT ATTEMPTED TURN ON TAXIWAY, WHEEL WENT INTO DITCH. NO BRAKES DUE TO INSUFFICIENT FLUID.                    ","<AS PILOT ATTEMPTED TURN ON TAXIWAY, WHEEL WENT INTO DITCH, NO BRAKES DUE TO INSUFFICIENT FLUID>","<AS PILOT ATTEMPTED TURN ON TAXIWAY, WHEEL WENT INTO DITCH, NO BRAKES DUE TO INSUFFICIENT FLUID>"
19781216025369I,LANDING GEAR SELECTOR INADVERTENTLY LEFT IN UP POSITION. GEAR COLLAPSED ON TAKEOFF. GEAR WARNING HORN INOP.        ,"<LANDING GEAR SELECTOR, INADVERTENTLY LEFT IN, UP POSITION>
<LANDING GEAR, COLLAPSED ON, TAKEOFF>
<GEAR WARNING HORN, INOP>","<LANDING GEAR SELECTOR, INADVERTENTLY LEFT IN, UP POSITION>
<LANDING GEAR, COLLAPSED ON, TAKEOFF>
<GEAR WARNING HORN, INOP>"
19790102000919I,LOST DIRECTIONAL CONTROL ON ICY RUNWAY. RIGHT BRAKE MASTER CYLINDER WAS EMPTY. NOT SERVICED FOR 5 MONTHS.          ,"<LOST DIRECTIONAL CONTROL, CAUSED BY, EMPTY RIGHT BRAKE MASTER CYLINDER>
<RIGHT BRAKE MASTER CYLINDER, STATE, EMPTY>
<RIGHT BRAKE MASTER CYLINDER, NOT SERVICED FOR, 5 MONTHS>","<LOST DIRECTIONAL CONTROL, CAUSED BY, EMPTY RIGHT BRAKE MASTER CYLINDER>
<RIGHT BRAKE MASTER CYLINDER, STATE, EMPTY>
<RIGHT BRAKE MASTER CYLINDER, NOT SERVICED FOR, 5 MONTHS>"
19790127003859I,ENGINE QUIT DUE TO WATER IN THE FUEL. SOURCE OF CONTAMINATION WAS LOCAL STORAGE TANK.                              ,"<ENGINE QUIT, HAS CAUSE, WATER IN THE FUEL>
<ENGINE QUIT, SOURCE OF CONTAMINATION, LOCAL STORAGE TANK>","<ENGINE QUIT, HAS CAUSE, WATER IN THE FUEL>
<ENGINE QUIT, SOURCE OF CONTAMINATION, LOCAL STORAGE TANK>"
19781231044159A,HEAVY FROST ON ACT AND ICE ON TRIM HINGES.                                                                         ,,
19781207022839I,"PILOT TOOK OFF WITH SNOW BLOWN IN THE ENGINE COMPARTMENT. SNOW MELTED, THEN FROZE UP THE THROTTLE LINKAGE.         ","<PILOT, HAS EFFECT, SNOW BLOWN IN THE ENGINE COMPARTMENT>
<PILOT, HAS EFFECT, SNOW MELTED>
<PILOT, HAS EFFECT, FROZE UP THE THROTTLE LINKAGE>","<PILOT, HAS EFFECT, SNOW BLOWN IN THE ENGINE COMPARTMENT>
<PILOT, HAS EFFECT, SNOW MELTED>
<PILOT, HAS EFFECT, FROZE UP THE THROTTLE LINKAGE>"
19781102039739A,"GUST LOCK FOUND ATTACHED TO R WING. SUB DMG TO CESSNA 172,N8107T.                                                  ","<GUST LOCK, ATTACHED TO, R WING>
<CESSNA 172, SUB DMG TO, N8107T>","<GUST LOCK, ATTACHED TO, R WING>
<CESSNA 172, SUB DMG TO, N8107T>"
19781215040349A,HOOK RELEASE ELECTRICAL PLUG FOUND DISCONNECTED.LOAD FROZEN TO THOUND.                                             ,"<LOAD, HAS EFFECT, HOOK RELEASE ELECTRICAL PLUG>
<LOAD, HAS EFFECT, FROZEN TO THOUND>","<LOAD, HAS EFFECT, HOOK RELEASE ELECTRICAL PLUG>
<LOAD, HAS EFFECT, FROZEN TO THOUND>"
19781117041969A,FROST ON AIRCRAFT.TURBOCHARGERS NOT USED ON TKOF.                                                                  ,"<FROST, AFFECTS, AIRCRAFT>
<FROST, AFFECTS, TURBOCHARGERS>","<FROST, AFFECTS, AIRCRAFT>
<FROST, AFFECTS, TURBOCHARGERS>"
19781129037719A,PLT RQSTD & CNTLR APPVD SPCL VFR CLRNCE AT NITE.PLT NOT INST RTD.TR SET 3005 VICE 2999.                            ,"<PLT RQSTD & CNTLR APPVD SPCL VFR CLRNCE AT NITE, INFLUENCED BY, N/A>","<PLT RQSTD & CNTLR APPVD SPCL VFR CLRNCE AT NITE, INFLUENCED BY, N/A>"
19781223039539A,BOTH GENERATOR CIRCUIT BREAKERS OUT.PILOT DID NOT RESET BREAKERS TTEMPT MANUAL GEAR EXTENSION.                     ,"<BOTH GENERATOR CIRCUIT BREAKERS, OUT, PILOT>
<PILOT, DID NOT RESET, BOTH GENERATOR CIRCUIT BREAKERS>","<BOTH GENERATOR CIRCUIT BREAKERS, OUT, PILOT>
<PILOT, DID NOT RESET, BOTH GENERATOR CIRCUIT BREAKERS>"
19781228040429A,ELT IMPACT SWITCH INOP.                                                                                            ,,
19790203005099I,PILOT LOST DIRECTIONAL CONTROL AFTER LOSING RIGHT BRAKE ON LANDING. VEERED OFF RUNWAY. BRAKE WORN OUT.             ,"<PILOT, LOST DIRECTIONAL CONTROL, AFTER LOSING RIGHT BRAKE ON LANDING>
<PILOT, LOST DIRECTIONAL CONTROL, AFTER BRAKE WORN OUT>
<PILOT, LOST DIRECTIONAL CONTROL, AFTER BRAKE WORN OUT, VEERED OFF RUNWAY>
<PILOT, LOST DIRECTIONAL CONTROL, BRAKE WORN OUT, VEERED OFF RUNWAY>","<PILOT, LOST DIRECTIONAL CONTROL, AFTER LOSING RIGHT BRAKE ON LANDING>
<PILOT, LOST DIRECTIONAL CONTROL, AFTER BRAKE WORN OUT>
<PILOT, LOST DIRECTIONAL CONTROL, AFTER BRAKE WORN OUT, VEERED OFF RUNWAY>
<PILOT, LOST DIRECTIONAL CONTROL, BRAKE WORN OUT, VEERED OFF RUNWAY>"
19790207005159I,"FORCED LANDING AFTER ENGINE QUIT, FOUND ICE IN FUEL STRAINER.                                                      ","<ENGINE QUIT, CAUSED, FORCED LANDING AFTER ENGINE QUIT>
<ENGINE QUIT, CAUSED BY, ICE IN FUEL STRAINER>","<ENGINE QUIT, CAUSED, FORCED LANDING AFTER ENGINE QUIT>
<ENGINE QUIT, CAUSED BY, ICE IN FUEL STRAINER>"
19790210006409I,FORCED LANDING AFTER ENGINE QUIT. FOUND WATER IN FUEL.                                                             ,"<ENGINE QUIT, CAUSED, FORCED LANDING AFTER ENGINE QUIT>
<ENGINE QUIT, HAS EFFECT, FOUND WATER IN FUEL>
<FOUND WATER IN FUEL, HAS EFFECT, FORCED LANDING AFTER ENGINE QUIT>","<ENGINE QUIT, CAUSED, FORCED LANDING AFTER ENGINE QUIT>
<ENGINE QUIT, HAS EFFECT, FOUND WATER IN FUEL>
<FOUND WATER IN FUEL, HAS EFFECT, FORCED LANDING AFTER ENGINE QUIT>"
19790220007249I,GRINDING NOISE WITH GEAR RETRACTION. NOSE GEAR PARTIALLY RETRACTED STRUT FLAT AND WHEEL CANTED.                    ,,
19790223006939I,WHILE DEPARTING GATE JET BLAST CAUSED A BAGGAGE CART TO ROLL INTO B99 WHICH WAS FOLLOWING CLOSE BEHIND.            ,"<BAGGAGE CART, HAS EFFECT, ROLLED INTO B99>
<B99, FOLLOWED BY, WHILE DEPARTING GATE JET BLAST>","<BAGGAGE CART, HAS EFFECT, ROLLED INTO B99>
<B99, FOLLOWED BY, WHILE DEPARTING GATE JET BLAST>"
19790306009619I,TAXIED INTO DRAINAGE DITCH AT NIGHT. LANDING LIGHT INOPERABLE.                                                     ,"<TAXIING AIRCRAFT, EVENT DISTANCE, TAXIED INTO DRAINAGE DITCH AT NIGHT>
<TAXIING AIRCRAFT, HAS EFFECT, LANDING LIGHT INOPERABLE>","<TAXIING AIRCRAFT, EVENT DISTANCE, TAXIED INTO DRAINAGE DITCH AT NIGHT>
<TAXIING AIRCRAFT, HAS EFFECT, LANDING LIGHT INOPERABLE>"
19790313008789I,PILOT TAXIED OFF RAMP AT NIGHT. LANDING LIGHT WAS BURNED OUT                                                       ,"<PILOT, USED BY, TAXI>
<TAXI, LOCATION, RAMP>
<LANDING LIGHT, EVENT, BURNED OUT>","<PILOT, USED BY, TAXI>
<TAXI, LOCATION, RAMP>
<LANDING LIGHT, EVENT, BURNED OUT>"
19790316009739I,"NOSE WHEEL SANK DOWN IN HOLE ON RAMP, PROP STRUCK GROUND                                                           ","<NOS EWHEEL, EVENT DISTANCE, RAMP>
<PROP, HAS EFFECT, NOSE WHEEL SANK DOWN IN HOLE ON RAMP>","<NOS EWHEEL, EVENT DISTANCE, RAMP>
<PROP, HAS EFFECT, NOSE WHEEL SANK DOWN IN HOLE ON RAMP>"
19790318009229I,ZG FORCED LANDING AFTER ENGINE QUIT. FUEL SELECTOR WAS NOT POSITIONED PROPERLY.                                    ,"<ZG, HAS EFFECT, FORCED LANDING AFTER ENGINE QUIT>
<ZG, HAS EFFECT, FUEL SELECTOR NOT POSITIONED PROPERLY>","<ZG, HAS EFFECT, FORCED LANDING AFTER ENGINE QUIT>
<ZG, HAS EFFECT, FUEL SELECTOR NOT POSITIONED PROPERLY>"
19790318009019I,PRECAUTIONARY LANDING MADE DUE TO LOW OVERCASE AND INSTRUMENT LIGHT INOPERATIVE.                                   ,"<PRECAUTIONARY LANDING, CAUSED BY, LOW OVERCASE>
<PRECAUTIONARY LANDING, CAUSED BY, INSTRUMENT LIGHT INOPERATIVE>","<PRECAUTIONARY LANDING, CAUSED BY, LOW OVERCASE>
<PRECAUTIONARY LANDING, CAUSED BY, INSTRUMENT LIGHT INOPERATIVE>"
19790404013469I,"LOUD NOISE DURING RETRACTION, NOSE GEAR COLLPASED ON LANDING. LOOSE NOSE GEAR DOOR JAMMED AND BROKE MECHANISM. ZK  ","<NOISE DURING RETRACTION, HAS EFFECT, NOSE GEAR COLLAPSED ON LANDING>
<LOOSE NOSE GEAR DOOR, HAS EFFECT, BROKE MECHANISM>","<NOISE DURING RETRACTION, HAS EFFECT, NOSE GEAR COLLAPSED ON LANDING>
<LOOSE NOSE GEAR DOOR, HAS EFFECT, BROKE MECHANISM>"
19790207002469A,ARMED FLARE GUN DISCHARGED IN CABIN AFTER FALLING FROM GLOVE BOX.PILOT MADE EMERGENCY LANDING.                     ,"<EMERGENCY LANDING, EVENT DISTANCE, AFTER FALLING FROM GLOVE BOX>
<EMERGENCY LANDING, CAUSED BY, ARMED FLARE GUN DISCHARGED IN CABIN>
<EMERGENCY LANDING, PILOT, MADE EMERGENCY LANDING>","<EMERGENCY LANDING, EVENT DISTANCE, AFTER FALLING FROM GLOVE BOX>
<EMERGENCY LANDING, CAUSED BY, ARMED FLARE GUN DISCHARGED IN CABIN>
<EMERGENCY LANDING, PILOT, MADE EMERGENCY LANDING>"
19790316004819A,"PILOT UNABLE TO CONTROL AIRCRAFT DURING TAKEOFF, DUE TO RESTRICTED STEERING AND FROST.                             ","<PILOT, HAS EFFECT, UNABLE TO CONTROL AIRCRAFT DURING TAKEOFF>
<PILOT, HAS EFFECT, RESTRICTED STEERING>
<PILOT, HAS EFFECT, FROST>","<PILOT, HAS EFFECT, UNABLE TO CONTROL AIRCRAFT DURING TAKEOFF>
<PILOT, HAS EFFECT, RESTRICTED STEERING>
<PILOT, HAS EFFECT, FROST>"
19790224005689A,WITNESSES SAID THE PILOT DID NOT REMOVE SNOW FROM THE WINGS PRIOR TO TAKEOFF. AIRCRAFT FOUND 4 DAYS LATER.         ,"<PILOT, DID NOT, REMOVE SNOW FROM THE WINGS>
<AIRCRAFT, FOUND, 4 DAYS LATER>","<PILOT, DID NOT, REMOVE SNOW FROM THE WINGS>
<AIRCRAFT, FOUND, 4 DAYS LATER>"
19790214002969A,"FAILED TO ASSURE SEAT WAS LOCKED.STARTED ENGINE,SEAT SLID BACK.PILOT WAS UNABLE REACH CONTROLS.HIT PARKED ACFT.    ","<STARTED ENGINE, HAS EFFECT, SEAT SLID BACK>
<PILOT, HAS EFFECT, UNABLE TO REACH CONTROLS>
<UNABLE TO REACH CONTROLS, HAS EFFECT, HIT PARKED ACFT>","<STARTED ENGINE, HAS EFFECT, SEAT SLID BACK>
<PILOT, HAS EFFECT, UNABLE TO REACH CONTROLS>
<UNABLE TO REACH CONTROLS, HAS EFFECT, HIT PARKED ACFT>"
19790207005339I,FORWARD CARGO DOOR CAME OFF AFTER TAKEOFF. DOOR WAS NOT LATCHED.                                                   ,"<FORWARD CARGO DOOR, EVENT DISTANCE, AFTER TAKEOFF>
<FORWARD CARGO DOOR, CONDITION, NOT LATCHED>","<FORWARD CARGO DOOR, EVENT DISTANCE, AFTER TAKEOFF>
<FORWARD CARGO DOOR, CONDITION, NOT LATCHED>"
19790414012459I,"ENGINE SUDDENLY STOPPED. FUEL SYSTEM FOUND TO BE CONTAMINATED WITH A COLORLESS, ODERLESS SUBSTANCE                 ","<FUEL SYSTEM, HAS EFFECT, CONTAMINATED WITH A COLORLESS, ODERLESS SUBSTANCE>","<FUEL SYSTEM, HAS EFFECT, CONTAMINATED WITH A COLORLESS, ODERLESS SUBSTANCE>"
19790211007509A,ENGINE STOPPED ON CLIMB-OUT. MADE EMERGENCY CRASH LANDING. WATER IN FUEL.                                          ,"<ENGINE, STOPPED ON, CLIMB-OUT>
<MADEN AIRCRAFT, HAS EFFECT, WATER IN FUEL>","<ENGINE, STOPPED ON, CLIMB-OUT>
<MADEN AIRCRAFT, HAS EFFECT, WATER IN FUEL>"
19790410008789A,FORCED LANDING DUE TO ENGINE FAILURE. THE PILOT SAID WATER FOUND IN FUEL AND IN COMPANY OWNED FUEL TANKER.         ,"<ENGINE FAILURE, CAUSE, WATER FOUND IN FUEL>
<ENGINE FAILURE, CAUSE, WATER IN COMPANY OWNED FUEL TANKER>
<ENGINE FAILURE, EFFECT, FORCED LANDING DUE TO ENGINE FAILURE>","<ENGINE FAILURE, CAUSE, WATER FOUND IN FUEL>
<ENGINE FAILURE, CAUSE, WATER IN COMPANY OWNED FUEL TANKER>
<ENGINE FAILURE, EFFECT, FORCED LANDING DUE TO ENGINE FAILURE>"
