question_id,question,category,vanilla_answer,graphrag_answer,ground_truth,has_ground_truth
root_cause_analysis_001,"What are the most frequent underlying causes of engine problems, and how do they correlate with the choice of maintenance actions like replacement or repair?",root_cause_analysis,"The analysis of the provided aviation maintenance data reveals several underlying causes of engine problems, which often correlate with specific maintenance actions such as replacement or repair. Here is a detailed examination:

1. **Fuel System Issues**: A recurring theme in the data is problems related to the fuel system. For instance, the narrative mentions an engine failure due to the neglect of installing an engine-driven fuel pump, and the auxiliary pump was off. This indicates that fuel delivery issues, whether due to mechanical oversight or component failure, are a significant cause of engine problems. The correlation with maintenance actions here often involves replacement or repair of fuel pumps and related components, as evidenced by the removal and replacement of the fuel servo.

2. **Ignition System Failures**: The aircraft annotation records indicate issues such as fouled spark plugs, specifically the lower plug in cylinder 2. Ignition system failures can lead to engine performance issues or failures and are commonly addressed by cleaning, repairing, or replacing spark plugs and ignition components. Regular inspection and timely maintenance of these components are crucial to prevent engine failures.

3. **Engine Component Wear and Damage**: The general dataset information highlights problems like cracked baffles and leaking gaskets. Such issues can lead to overheating, loss of compression, or oil leaks, which can severely impact engine performance. Maintenance actions typically involve replacing damaged components to restore engine integrity and performance.

4. **Operational Errors**: The repeated mention of ""ENGINE IDLE OVERRIDE KILLED ENGINE"" suggests operational errors or mismanagement of engine controls as a cause of engine shutdowns. This highlights the importance of pilot training and adherence to operational procedures to prevent such incidents. Maintenance actions in these cases may not involve physical repairs but rather adjustments to operational protocols and additional training.

**Patterns and Relationships**:
- **Preventive Maintenance**: The data suggests that many engine problems arise from neglect or oversight, such as the failure to install necessary components or improper handling of engine controls. This underscores the importance of preventive maintenance and adherence to maintenance schedules to identify and rectify potential issues before they lead to engine failures.
- **Component-Specific Failures**: Certain components, like fuel pumps and spark plugs, appear frequently in the data, indicating they are common points of failure. This suggests a need for targeted inspections and maintenance of these components to enhance engine reliability.

**Actionable Insights**:
- **Enhanced Training and Procedures**: Implementing comprehensive training programs for maintenance personnel and pilots can reduce operational errors and ensure proper maintenance practices are followed.
- **Regular Inspections and Upgrades**: Establishing stringent inspection protocols for critical components like fuel systems and ignition systems can help detect issues early. Additionally, upgrading components prone to failure with more reliable alternatives can improve overall engine performance.
- **Data-Driven Maintenance Strategies**: Utilizing maintenance data analytics to identify trends and predict potential failures can lead to more effective maintenance planning and resource allocation, ultimately enhancing safety and reducing downtime.

In conclusion, addressing the underlying causes of engine problems requires a multifaceted approach involving preventive maintenance, targeted inspections, operational training, and data-driven strategies to ensure aviation safety and engine reliability.","To address the question of the most frequent underlying causes of engine problems and their correlation with maintenance actions like replacement or repair, we can leverage the graph-based knowledge and supporting data context provided.

### Graph-Based Analysis:

1. **Frequent Engine Problems:**
   - **ENGINE FAILURE** and **ENGINE OVERHEAT** are prominent nodes indicating recurrent issues. The **ENGINE FAILURE** node is linked to multiple incidents, suggesting it is a common problem.
   - **ENGINE OVERHEAT** is connected to related issues like **AIR INTAKE PLUGS** and **HOT OIL SMELL**, indicating that overheating might often be linked to airflow obstructions or oil system issues.

2. **Correlated Maintenance Actions:**
   - The **MAINTENANCE** node is connected to incidents involving engine problems, suggesting that maintenance actions are frequently taken in response to these issues. The connection between **PREVIOUS MAINTENANCE** and **MAINTENANCE** indicates that past maintenance actions might influence current engine performance.
   - Specific maintenance actions such as ""REMOVED & REPLACED FUEL SERVO"" and ""PERFORMED ENGINE RUN UP, FOUND CYL 2 LOWER PLUG FOULED"" from the supporting data context suggest that both replacement and repair are common responses to engine issues.

3. **Complex Interactions and Dependencies:**
   - The connection between **ENGINE POWER FAILURE** and **FUEL TANKS** implies a dependency on fuel system integrity for engine performance. This suggests that fuel system issues might often lead to power failures.
   - The **ENGINE CASE** node, although secondary, might indicate structural or casing issues that could lead to or exacerbate engine problems.

4. **Community Insights:**
   - Community 2 highlights relationships between **RPM LOSS**, **PILOT ERROR**, and **POWER LOSS**, suggesting that operational errors might compound engine issues, leading to power loss scenarios.

### Evidence-Based Insights:

- **Underlying Causes:**
  - Engine overheating and power failures are frequently linked to airflow and fuel system issues, respectively. These are critical areas for preventive maintenance focus.
  - Historical maintenance actions and their effectiveness play a significant role in current engine performance, as indicated by the connections between maintenance nodes.

- **Maintenance Strategy:**
  - A strategic approach should involve regular inspection and maintenance of air intake systems and fuel systems to prevent overheating and power failures.
  - Implementing a robust feedback loop from previous maintenance outcomes can help refine future maintenance actions, reducing the likelihood of recurring issues.

### Recommendations:

1. **Preventive Maintenance:**
   - Develop a targeted preventive maintenance schedule focusing on air intake and fuel systems, informed by historical incident data and maintenance outcomes.

2. **Data-Driven Decision Making:**
   - Utilize graph-based analytics to continuously monitor and analyze maintenance records and incident reports, identifying patterns and predicting potential failures.

3. **Training and Awareness:**
   - Enhance pilot and maintenance crew training to recognize early signs of engine problems and understand the impact of operational errors on engine performance.

By leveraging graph-based reasoning, we can uncover complex interactions and dependencies within engine systems, providing a systemic understanding that informs strategic maintenance and operational decisions. This approach not only addresses current issues but also helps in predicting and preventing future engine problems.",,False
root_cause_analysis_002,"Which maintenance oversights consistently lead to repeated leakage issues despite previous interventions, and what strategies could mitigate this trend?",root_cause_analysis,"The provided aviation maintenance data highlights recurring issues with leakage, particularly related to rocker cover gaskets and intake systems. These problems persist despite previous interventions, suggesting underlying maintenance oversights that need addressing.

### Identified Maintenance Oversights

1. **Recurring Gasket Leaks**: The data indicates multiple instances of rocker cover gasket leaks, such as ""#2 & 4 CYL ROCKER COVER GASKETS ARE LEAKING"" and ""#3, 4 CYL ROCKER COVER GASKETS LEAK."" This recurrence suggests that the gaskets might not be properly installed or that the replacement parts are of inadequate quality.

2. **Intake System Leaks**: Similar patterns are observed with intake leaks, as noted in ""#3 INTAKE IS LEAKING"" and ""#2, 3 INTAKE ON R/H ENGINE LEAKING."" These leaks could be due to improper sealing or wear and tear that is not adequately addressed during maintenance.

3. **Improper Maintenance Practices**: The mention of ""Improper Maintenance"" in the context implies that there might be systemic issues in maintenance procedures, such as inadequate training, lack of adherence to maintenance protocols, or insufficient quality control.

### Strategies to Mitigate Leakage Issues

1. **Enhanced Training and Standardization**: Implement comprehensive training programs focused on proper installation techniques for gaskets and intake systems. Standardize procedures across maintenance teams to ensure consistency and adherence to best practices.

2. **Quality Control and Assurance**: Establish rigorous quality control measures to verify the integrity of replacement parts and the quality of maintenance work. This could include double-checking installations and conducting thorough post-maintenance inspections.

3. **Use of High-Quality Parts**: Ensure that all replacement parts, particularly gaskets and seals, meet the highest industry standards. Consider sourcing parts from reputable manufacturers known for their durability and performance.

4. **Regular Monitoring and Feedback Loops**: Develop a system for tracking maintenance outcomes and feedback. Use this data to identify patterns of failure and adjust maintenance practices accordingly. Continuous monitoring can help catch potential issues before they lead to significant problems.

5. **Root Cause Analysis**: Conduct detailed root cause analyses of repeated leakage incidents to identify underlying issues. This analysis should go beyond immediate fixes to address systemic problems in maintenance processes or part selection.

### Conclusion

Addressing the recurring leakage issues requires a multifaceted approach that combines improved training, strict quality control, and the use of high-quality parts. By implementing these strategies, aviation maintenance teams can enhance safety, reduce the likelihood of leakage-related incidents, and improve overall aircraft reliability.","To address the question of which maintenance oversights consistently lead to repeated leakage issues despite previous interventions, we can leverage the graph-structured knowledge and data context provided. The analysis will focus on identifying patterns and systemic issues related to maintenance procedures and their effectiveness in resolving leakage problems.

### Graph-Based Analysis:

1. **Recurrent Incidents and Maintenance Oversights:**
   - The graph reveals multiple incidents related to leakage issues, particularly oil leaks. The node ""BAD OIL LEAK"" is connected to both ""OIL LEAK"" and ""LEAK,"" indicating a persistent problem with oil leakage, specifically in the left engine.
   - The node ""MAINTENANCE"" is linked to several incident IDs, suggesting repeated maintenance interventions. However, the recurrence of incidents implies that these interventions might not be addressing the root causes effectively.

2. **Patterns of Ineffective Maintenance:**
   - The ""PREVIOUS MAINTENANCE"" node is connected to the ""MAINTENANCE"" node, indicating a history of maintenance procedures that may not have resolved the underlying issues. This is further supported by the presence of incidents with repeated IDs, suggesting that similar problems have reoccurred even after maintenance.
   - The supporting data context mentions improper maintenance and specific instances of leakage, such as rocker cover gaskets and intake leaks. These suggest that the maintenance procedures might not be thorough or might overlook critical components that contribute to leakage.

3. **Complex Interactions and Dependencies:**
   - The connection between ""BAD OIL LEAK"" and ""LEFT ENGINE"" highlights a specific area of concern, suggesting that the left engine may have systemic issues leading to oil leaks.
   - The presence of ""WORN OUT & INEFFECTIVE BRAKES"" connected to ""BRAKES"" indicates that maintenance issues are not isolated to leaks but may extend to other systems, potentially affecting overall aircraft safety.

### Evidence-Based Insights:

- **Graph Provenance:**
  - The graph structure shows a clear pattern of recurring maintenance issues, particularly related to oil leaks in the left engine. The repeated incident IDs and connections between maintenance nodes suggest systemic oversights in addressing these problems.
  - The supporting data context provides specific examples of leakage issues, such as leaking gaskets and intakes, reinforcing the graph's indication of ineffective maintenance interventions.

### Strategic Recommendations:

1. **Comprehensive Root Cause Analysis:**
   - Conduct a thorough root cause analysis for recurring leakage issues, focusing on the left engine and associated components. This should include a detailed examination of gaskets, seals, and other potential sources of leaks.

2. **Enhanced Maintenance Protocols:**
   - Develop and implement enhanced maintenance protocols that include rigorous inspection and testing procedures for components prone to leakage. This should involve the use of advanced diagnostic tools to detect potential issues before they manifest as leaks.

3. **Training and Quality Assurance:**
   - Provide targeted training for maintenance personnel to improve their ability to identify and address potential leakage issues. Implement a robust quality assurance program to ensure that maintenance procedures are consistently applied and effective.

4. **Feedback Loop for Continuous Improvement:**
   - Establish a feedback loop that captures data from maintenance interventions and incident reports to continuously refine maintenance practices. This should involve collaboration between maintenance teams and safety analysts to identify trends and implement corrective actions.

By leveraging graph-based reasoning, we can identify systemic patterns and dependencies that contribute to recurring maintenance issues, allowing for more effective interventions and improved aviation safety.",,False
root_cause_analysis_003,"What patterns emerge in incidents involving structural damage, and how effective are the current inspection protocols in identifying these issues before they escalate?",root_cause_analysis,"In analyzing the provided aviation maintenance data, several patterns emerge regarding incidents involving structural damage, and the effectiveness of current inspection protocols in identifying these issues before they escalate.

### Patterns in Incidents Involving Structural Damage

1. **Inadequate Fastening and Securing of Components:**
   - The incident where the pilot flew an aircraft not signed off after inspection and subsequently lost the upper engine cowling in flight highlights a recurring issue with fastening and securing components. This suggests a lapse in ensuring that all components are properly secured post-inspection.

2. **Recurring Engine-Related Structural Issues:**
   - The dataset includes multiple references to engine disassembly and inspection after prop strikes, indicating a pattern of engine-related structural vulnerabilities. The missing screw on the engine inspection panel further underscores potential oversight in securing engine components.

3. **Structural Fatigue and Wear:**
   - The mention of cracked baffles and leaking gaskets in the maintenance problems suggests ongoing issues with structural fatigue and wear, which could lead to more severe structural damage if not addressed promptly.

### Effectiveness of Current Inspection Protocols

1. **Identification of Issues:**
   - Current inspection protocols seem to identify issues such as missing screws and the need for engine disassembly after prop strikes. However, the fact that these issues are noted post-incident or during emergency situations indicates that inspections may not be comprehensive or frequent enough to catch these problems before they escalate.

2. **Proactive vs. Reactive Maintenance:**
   - The dataset suggests a reactive approach to maintenance, where issues are often addressed after an incident occurs (e.g., emergency landing due to oil pressure loss). This reactive nature indicates that current inspection protocols may not be effectively preventing incidents.

### Actionable Insights

1. **Enhance Inspection Rigor and Frequency:**
   - Increasing the rigor and frequency of inspections, particularly focusing on fastening and securing components, could prevent incidents like the loss of engine cowling. Implementing more detailed checklists and verification processes post-inspection could ensure all components are properly secured.

2. **Focus on Engine and Structural Integrity:**
   - Given the recurring engine-related issues, a targeted inspection protocol focusing on engine integrity and structural components prone to fatigue (e.g., baffles, gaskets) could help identify vulnerabilities before they lead to significant damage.

3. **Implement Predictive Maintenance Technologies:**
   - Utilizing predictive maintenance technologies, such as sensors and data analytics, could help identify potential structural issues before they manifest. This proactive approach could significantly reduce the occurrence of incidents related to structural damage.

4. **Training and Awareness:**
   - Enhancing training for maintenance personnel on the importance of securing components and recognizing early signs of structural fatigue could improve the effectiveness of inspections.

In conclusion, while current inspection protocols do identify structural issues, there is room for improvement in terms of proactivity and thoroughness. By enhancing inspection practices and adopting new technologies, the aviation industry can better prevent incidents involving structural damage, thereby improving overall safety.","To address the question regarding patterns in incidents involving structural damage and the effectiveness of current inspection protocols, we can analyze the graph-based knowledge and supporting data context to identify systemic patterns and dependencies.

### Patterns in Incidents Involving Structural Damage

1. **Incident Correlation with Structural Nodes:**
   - The node **AIRPLANE STRUCTURE** is linked to incidents such as '19801230089799I', indicating a recurring theme of structural issues. Similarly, **DENTED STABILIZER** is associated with incidents '19820725041999I', suggesting that structural components like stabilizers are frequently involved in damage reports.

2. **Inspection and Maintenance Gaps:**
   - The **ANNUAL INSPECTION** node, connected to incidents like '19840821046409A', highlights that inspections are a critical touchpoint for identifying structural issues. However, the recurrence of incidents linked to inspections suggests potential gaps in the thoroughness or frequency of these procedures.

3. **Defects and No Defects Dichotomy:**
   - The node **DEFECTS** is connected to incidents like '19870523018729A', while **NO DEFECTS** is also linked to the same incident, indicating discrepancies in defect identification. This suggests that inspection protocols may sometimes fail to detect existing issues, or there might be inconsistencies in reporting.

### Effectiveness of Inspection Protocols

1. **Inspection Protocol Efficacy:**
   - The presence of incidents such as 'PILOT FLEW AIRCRAFT NOT SIGNED OFF AFTER INSPECTION' and 'ENGINE INSPECTION PANEL MISSING SCREW' in the maintenance records indicates lapses in inspection follow-through and sign-off procedures. These lapses can lead to undetected structural vulnerabilities.

2. **Graph Provenance and Evidence:**
   - The connections between nodes like **ANNUAL INSPECTION** and **STRUCTURE** with multiple incidents suggest that while inspections are intended to catch structural issues, their effectiveness is compromised by procedural oversights or inadequate inspection depth.

### Strategic Recommendations

1. **Enhance Inspection Protocols:**
   - Develop more rigorous inspection checklists specifically targeting structural components like stabilizers and cowlings. Incorporate advanced diagnostic tools (e.g., non-destructive testing) to improve defect detection rates.

2. **Training and Accountability:**
   - Implement comprehensive training programs for inspectors to ensure consistency and thoroughness in inspections. Establish accountability measures to ensure all inspections are completed and signed off before flight clearance.

3. **Data-Driven Feedback Loops:**
   - Utilize graph-based analytics to continuously monitor and analyze inspection outcomes and incident reports. This feedback loop can help identify recurring issues and refine inspection protocols over time.

4. **Cross-Verification Mechanisms:**
   - Introduce cross-verification mechanisms where independent teams review inspection outcomes to minimize human error and oversight.

By leveraging graph-based reasoning, we can uncover complex interactions and dependencies within the aviation safety data, providing a systemic understanding of structural damage incidents and the effectiveness of inspection protocols. This approach allows for evidence-based insights that can drive strategic improvements in aviation safety practices.",,False
root_cause_analysis_004,"How do multiple factors combine to create fastener issues, and what role does the timing and frequency of maintenance actions play in preventing these problems?",root_cause_analysis,"Fastener issues in aviation maintenance often arise from a combination of factors, including improper maintenance practices, environmental conditions, and the inherent design and material properties of the fasteners themselves. The timing and frequency of maintenance actions play a crucial role in identifying and mitigating these issues before they lead to significant safety concerns.

1. **Combination of Factors Leading to Fastener Issues:**
   - **Improper Maintenance:** The dataset highlights instances of improper maintenance, which can lead to fastener issues. For example, the narrative of a precautionary landing due to a loose Dzus fastener suggests inadequate securing or inspection during maintenance. Improper maintenance can result in fasteners not being torqued to the correct specifications or being overlooked during routine checks.
   - **Environmental and Operational Stress:** Fasteners are subject to various stresses, including vibration, thermal expansion, and contraction, which can lead to loosening or failure over time. The repeated cracking of the L/H engine #4 aft baffle in multiple places indicates that fasteners in this area may be under significant stress, possibly due to engine vibrations or thermal cycles.
   - **Design and Material Limitations:** The choice of fastener materials and design can influence their susceptibility to issues. Fasteners that are not designed to withstand the specific operational environment of an aircraft may fail prematurely.

2. **Role of Timing and Frequency of Maintenance:**
   - **Regular Inspections:** Regular and timely inspections are critical in identifying fastener issues before they escalate. The repeated mention of cracked baffles and broken fasteners in the dataset underscores the need for frequent checks, especially in high-stress areas like engine compartments.
   - **Scheduled Maintenance Intervals:** Adhering to manufacturer-recommended maintenance intervals ensures that fasteners are inspected and replaced as needed. Deviations from these schedules, whether due to operational demands or oversight, can increase the risk of fastener-related failures.
   - **Responsive Maintenance Actions:** The dataset includes records of precautionary actions, such as the removal and replacement of broken fasteners. This highlights the importance of responsive maintenance actions when issues are detected, preventing potential in-flight failures.

3. **Patterns and Relationships:**
   - **Recurrent Issues in Specific Areas:** The repeated cracking of the L/H engine #4 aft baffle suggests a pattern of stress concentration in this area, possibly due to design or operational factors. This pattern indicates the need for targeted inspections and potential design modifications.
   - **Correlation with Improper Maintenance:** The presence of improper maintenance records in conjunction with fastener issues suggests a relationship between maintenance quality and fastener reliability. Ensuring proper training and adherence to maintenance protocols can mitigate these issues.

4. **Actionable Insights:**
   - **Enhance Training and Protocols:** Implementing rigorous training programs for maintenance personnel can reduce instances of improper maintenance. Emphasizing the importance of following manufacturer guidelines and using the correct tools and techniques is crucial.
   - **Increase Inspection Frequency in High-Stress Areas:** Increasing the frequency of inspections in areas prone to fastener issues, such as engine compartments, can help catch problems early. Utilizing advanced inspection techniques, such as non-destructive testing, can improve detection rates.
   - **Review and Update Maintenance Schedules:** Regularly reviewing and updating maintenance schedules based on operational data and historical issues can ensure that fasteners are inspected and replaced at optimal intervals.

In conclusion, addressing fastener issues in aviation maintenance requires a multifaceted approach that considers the combination of improper maintenance, environmental stresses, and design limitations. By focusing on timely and frequent maintenance actions, enhancing training, and updating protocols, the aviation industry can improve fastener reliability and overall safety.","To address the question of how multiple factors combine to create fastener issues and the role of timing and frequency of maintenance actions in preventing these problems, we can leverage the graph-structured knowledge and supporting data context provided.

### Graph-Based Relationships and Patterns

1. **Fastener Issues and Related Problems:**
   - The graph node ""PRECAUTIONARY LANDING WHEN ONE SIDE OF THE ENGINE COWL CAME OPEN DUE TO A LOOSE DZUS FASTENER"" indicates a direct relationship between fastener integrity and flight safety. This node is connected to maintenance procedures, suggesting that improper maintenance can lead to fastener issues.
   - The node ""NO LOCKING PINS IN SEAT TRACK"" is related to systemic issues (SYS) and problems (PROB), indicating that missing or improperly installed components can lead to significant safety concerns.

2. **Maintenance and Its Timing:**
   - The node ""MAINTENANCE"" is linked to various incident IDs, showing that maintenance actions, or the lack thereof, are central to many aviation issues. The connection to ""PREVIOUS MAINTENANCE"" highlights the importance of historical maintenance actions in current aircraft conditions.
   - The supporting data context mentions improper maintenance multiple times, reinforcing the idea that inadequate or improperly timed maintenance can exacerbate fastener and other systemic issues.

3. **Fuel System and Contamination:**
   - Nodes related to ""FUEL CONTAMINATION"" and ""FUEL FILTER"" suggest that contamination issues can arise from improper maintenance or infrequent checks, leading to broader systemic failures like engine failure or fuel exhaustion.

### Synthesis of Information

The graph indicates that fastener issues often arise from a combination of improper maintenance practices and the timing of these actions. For instance, loose or missing fasteners, such as the DZUS fastener, can lead to critical failures if not addressed promptly. The graph also shows that systemic issues like fuel contamination can be linked to maintenance practices, further emphasizing the interconnectedness of these factors.

### Complex Interactions and Dependencies

- **Maintenance Frequency and Quality:** Regular and thorough maintenance checks are crucial in identifying and rectifying fastener issues before they lead to larger problems. The repeated mention of improper maintenance in the data context suggests a systemic issue with maintenance quality or adherence to procedures.
- **Component Interdependencies:** Fasteners are integral to the structural integrity of various aircraft components. Their failure can lead to cascading issues, such as engine cowlings opening mid-flight, which can have severe safety implications.

### Evidence-Based Insights with Graph Provenance

The graph provides evidence that maintenance practices are a recurring theme in incidents involving fastener issues. For example, the connection between ""PRECAUTIONARY LANDING"" and ""MAINTENANCE"" underscores the critical role of maintenance in preventing fastener-related problems.

### Strategic Recommendations

1. **Enhance Maintenance Protocols:**
   - Implement stricter adherence to maintenance schedules, with a focus on fastener integrity checks. This includes ensuring that all fasteners are correctly installed and secured during routine inspections.

2. **Training and Awareness:**
   - Provide additional training for maintenance personnel on the importance of fastener integrity and the potential consequences of neglecting these components.

3. **Data-Driven Maintenance Scheduling:**
   - Utilize data analytics to predict potential fastener failures based on historical maintenance records and incident reports, allowing for proactive maintenance actions.

4. **Cross-Component Checks:**
   - Develop protocols that ensure maintenance checks consider the interdependencies between different aircraft systems, such as the relationship between fuel systems and fasteners, to prevent systemic failures.

By leveraging graph-based reasoning, we can see that fastener issues are not isolated incidents but are part of a broader network of maintenance-related challenges. Addressing these issues requires a systemic approach that considers the timing, quality, and comprehensiveness of maintenance actions.",,False
root_cause_analysis_005,"What are the common denominators in aircraft that experience both leakage and engine problems, and how might integrated maintenance strategies address these interconnected failures?",root_cause_analysis,"To address the question of common denominators in aircraft experiencing both leakage and engine problems, and how integrated maintenance strategies can address these interconnected failures, we can analyze the provided aviation maintenance data context.

### Common Denominators

1. **Engine Component Failures**: The maintenance records indicate recurring issues with engine components, such as fouled spark plugs and cracked baffles. For example, the annotation mentions a ""CYL 2 LOWER PLUG FOULED"" and ""CYL SIDE BAFFLE IS CRACKED."" These issues can lead to inefficient engine performance and potential failures.

2. **Fuel System Issues**: The narrative highlights a critical oversight where the ""ENGINE DRIVEN FUEL PUMP"" was not installed, and the ""AUX PUMP"" was off, leading to engine failure during climb-out. This suggests a systemic issue with fuel delivery systems, which can be exacerbated by leaks.

3. **Leakage Problems**: The dataset mentions ""ROCKER COVER GASKETS LEAK"" and ""INTAKE ON R/H ENGINE LEAKING,"" indicating that leakage is a common issue that can affect engine reliability. Leaks can lead to loss of pressure and contamination, impacting engine performance.

4. **Operational Mismanagement**: The narrative of an autopilot being on during a critical phase of flight and a CFI unfamiliar with disconnect procedures suggests operational and training deficiencies that can compound mechanical issues.

### Integrated Maintenance Strategies

1. **Comprehensive Inspection Protocols**: Implementing rigorous inspection protocols that focus on both engine components and potential leakage points can help identify and rectify issues before they lead to failures. Regular checks of fuel pumps, baffles, and gaskets should be mandatory.

2. **Enhanced Training Programs**: Training for pilots and maintenance personnel should emphasize the importance of understanding and managing integrated systems, such as the interaction between fuel systems and engine performance. Familiarity with emergency procedures, like autopilot disconnection, should be reinforced.

3. **Predictive Maintenance Technologies**: Utilizing predictive maintenance technologies, such as engine health monitoring systems, can help detect early signs of component wear or leakage. This proactive approach allows for timely interventions, reducing the risk of in-flight failures.

4. **Cross-Functional Communication**: Establishing better communication channels between pilots, maintenance crews, and engineers can ensure that operational feedback is quickly translated into maintenance actions. For instance, reports of engine idle issues should prompt immediate investigation into potential causes, such as fuel system integrity.

5. **Standardized Maintenance Documentation**: Ensuring that all maintenance actions are thoroughly documented and standardized can help track recurring issues and identify patterns. This data-driven approach allows for targeted interventions and resource allocation.

### Conclusion

By identifying the common denominators of engine and leakage problems and implementing integrated maintenance strategies, aviation safety can be significantly enhanced. A focus on comprehensive inspections, enhanced training, predictive technologies, cross-functional communication, and standardized documentation will address these interconnected failures, ultimately improving aircraft reliability and safety.","To address the question of common denominators in aircraft that experience both leakage and engine problems, and how integrated maintenance strategies might address these interconnected failures, we can leverage the graph-based knowledge and data context provided.

### Graph-Based Analysis

1. **Common Denominators:**
   - **Engine System**: The graph shows multiple nodes related to engine problems, such as ""ENGINE POWER FAILURE"" and ""ENGINE FAILURE,"" indicating that engine-related issues are prevalent. These nodes are connected to incidents involving fuel contamination and power failures, suggesting a systemic issue within the engine system.
   - **Fuel Contamination**: The node ""FUEL CONTAMINATION IN AIRFRAME FUEL FILTER AS WELL AS IN FUEL FILTER AND ENGINE DRIVEN FUEL PUMP FILTER"" highlights contamination as a recurring problem. This contamination is directly linked to engine performance issues, as seen in the connection to ""ENGINE POWER FAILURE.""
   - **Maintenance Procedures**: The node ""MAINTENANCE"" is connected to various incidents, indicating that maintenance practices are a critical factor in addressing these issues. The narrative data suggests lapses in maintenance, such as neglecting to install the engine-driven fuel pump, which directly impacts engine performance.

2. **Complex Interactions and Dependencies:**
   - **Fuel System and Engine Interdependency**: The relationship between fuel contamination and engine failures suggests a dependency where contamination leads to engine power issues. This is supported by the connection between ""FUEL CONTAMINATION"" and ""ENGINE POWER FAILURE.""
   - **Maintenance and System Reliability**: The maintenance-related incidents indicate that proper maintenance procedures are crucial for preventing both leakage and engine problems. The failure to perform adequate maintenance, such as ensuring the installation of critical components like the engine-driven fuel pump, exacerbates these issues.

3. **Evidence-Based Insights:**
   - **Graph Provenance**: The connections between nodes such as ""ENGINE,"" ""FUEL CONTAMINATION,"" and ""MAINTENANCE"" provide a clear provenance of how these issues are interrelated. The incidents associated with these nodes (e.g., ""19850418016709I"" for engine power failure) offer historical evidence of recurring problems.
   - **Community Insights**: The community-based knowledge highlights recurring themes such as ""PILOT ERROR"" and ""POWER LOSS,"" which are often linked to systemic issues within the aircraft's fuel and engine systems.

### Strategic Recommendations

1. **Integrated Maintenance Strategies:**
   - **Enhanced Fuel System Inspections**: Implement regular and thorough inspections of the fuel system to detect and address contamination early. This includes checking fuel filters and pumps for signs of contamination and wear.
   - **Comprehensive Engine Checks**: Conduct detailed engine diagnostics during routine maintenance to identify potential failures before they occur. This should include checking for proper installation and functioning of all engine components, such as the engine-driven fuel pump.
   - **Data-Driven Maintenance Scheduling**: Utilize data from past incidents and graph-based analysis to develop predictive maintenance schedules that target known problem areas, such as the fuel and engine systems.

2. **Systemic Improvements:**
   - **Training and Awareness**: Enhance training programs for maintenance personnel to ensure familiarity with critical systems and components, reducing the likelihood of oversight or error.
   - **Cross-Functional Collaboration**: Foster collaboration between maintenance teams, pilots, and engineers to ensure a holistic understanding of aircraft systems and potential failure points.

By leveraging graph-based reasoning, we can identify the interconnected nature of leakage and engine problems and propose targeted strategies that address these systemic issues. This approach not only improves safety but also enhances the reliability and performance of aircraft systems.",,False
root_cause_analysis_006,"To what extent do repair and replacement actions correlate with the recurrence of other problems, and what does this suggest about the effectiveness of these interventions?",root_cause_analysis,"The provided aviation maintenance data suggests a significant correlation between repair and replacement actions and the recurrence of other problems, indicating potential gaps in the effectiveness of these interventions. Let's analyze this correlation and its implications for aviation safety and maintenance practices.

1. **Direct Correlation and Examples**:
   - The maintenance records highlight instances where repairs or replacements were followed by new or recurring issues. For example, after repairs, an aircraft lost control on climb-out due to aileron quick disconnects not being connected. This suggests that the repair process may have inadvertently introduced new issues or failed to address underlying problems comprehensively.
   - Another example is the aircraft catching fire after being primed several times, with the carburetor having been removed for repair. This indicates a possible oversight or error during the repair process, leading to a severe safety hazard.

2. **Patterns and Relationships**:
   - A recurring theme in the dataset is the occurrence of engine-related issues, such as rough running engines and the need for engine removal to facilitate repairs. This pattern suggests that engine repairs and replacements may not be effectively resolving the root causes of the problems, leading to repeated maintenance actions.
   - The presence of multiple records indicating the removal and replacement of components like fuel servos and gaskets also points to a pattern where component-level interventions are frequent but may not be addressing systemic issues within the aircraft's systems.

3. **Actionable Insights**:
   - **Enhanced Quality Control**: The recurrence of issues post-repair suggests a need for improved quality control measures during maintenance. Implementing rigorous post-repair inspections and functional testing can help ensure that repairs do not introduce new problems.
   - **Root Cause Analysis**: Maintenance teams should focus on conducting thorough root cause analyses to identify underlying issues rather than just addressing symptoms. This approach can prevent the recurrence of problems and improve the overall reliability of the aircraft.
   - **Training and Procedures**: Ensuring that maintenance personnel are adequately trained and that standardized procedures are followed can reduce the likelihood of errors during repairs. Regular training updates and audits of maintenance practices can reinforce this.

4. **Focus on Aviation Safety and Maintenance**:
   - The correlation between repair actions and subsequent issues underscores the critical importance of effective maintenance practices in ensuring aviation safety. By addressing the identified gaps in repair effectiveness, aviation maintenance teams can enhance the safety and reliability of aircraft operations.
   - Continuous monitoring and analysis of maintenance data can provide valuable insights into trends and emerging issues, allowing for proactive interventions and the development of best practices in aviation maintenance.

In conclusion, the data suggests that while repairs and replacements are necessary components of aircraft maintenance, their effectiveness is currently limited by recurring issues. By focusing on quality control, root cause analysis, and personnel training, the aviation industry can improve maintenance outcomes and enhance overall safety.","To address the question of how repair and replacement actions correlate with the recurrence of other problems and the effectiveness of these interventions, we can leverage the graph-structured knowledge and supporting data context to identify patterns and relationships.

### Graph-Structured Relationships and Patterns

1. **Maintenance and Procedures:**
   - The graph shows nodes like MAINTENANCE and PREVIOUS MAINTENANCE, both related to procedures with multiple incident IDs. This indicates that maintenance actions are frequently recorded and potentially repeated for certain incidents.
   - The node ANNUAL INSPECTION, connected to INSPECTION, suggests a routine check that might not always catch underlying issues, leading to repeated maintenance actions.

2. **Systemic Issues:**
   - The node WORN OUT & INEFFECTIVE BRAKES, connected to BRAKES, highlights a specific recurring problem. Its connection to multiple incidents suggests that despite maintenance, the issue persists, indicating possible inadequacies in the repair or replacement process.
   - The node BRAKE PROBLEMS, linked to AIRCRAFT, further supports the recurrence of brake-related issues, emphasizing a systemic problem with the braking system.

3. **Defects and No Defects:**
   - The DEFECTS node, with a connection to NO DEFECTS, suggests a scenario where defects might be overlooked or misdiagnosed, leading to unresolved issues that recur despite maintenance efforts.

### Synthesis of Information

- **Recurring Problems Post-Maintenance:**
  The presence of recurring issues like brake problems and ineffective repairs (e.g., aileron quick disconnects not connected) indicates that maintenance actions are not always effective. This is supported by the maintenance_remaining records, which describe incidents occurring after repairs, such as loss of control due to improperly connected components.

- **Effectiveness of Interventions:**
  The repeated occurrence of similar problems, despite maintenance, suggests that interventions may not be addressing root causes. For instance, the rough running engine and subsequent smoother operation might indicate temporary fixes rather than permanent solutions.

### Complex Interactions and Dependencies

- **Maintenance vs. Inspection:**
  The relationship between MAINTENANCE and ANNUAL INSPECTION nodes suggests that while inspections are routine, they may not be thorough enough to prevent recurring issues. This dependency highlights a potential gap in the inspection process that could lead to ineffective maintenance.

- **Systemic vs. Procedural Issues:**
  The graph indicates that systemic issues (e.g., brake problems) might not be adequately addressed by standard procedures, pointing to a need for more targeted and comprehensive interventions.

### Evidence-Based Insights

- **Graph Provenance:**
  The recurrence of incident IDs across nodes like MAINTENANCE, WORN OUT & INEFFECTIVE BRAKES, and DEFECTS provides evidence that certain problems are persistent and inadequately resolved by current maintenance practices.

### Strategic Recommendations

1. **Enhanced Diagnostic Procedures:**
   Implement more rigorous diagnostic procedures during inspections to identify underlying issues that standard maintenance might overlook.

2. **Targeted Maintenance Interventions:**
   Develop specialized maintenance protocols for recurring problems, such as brake systems, to address root causes rather than symptoms.

3. **Feedback Loop for Continuous Improvement:**
   Establish a feedback mechanism where maintenance outcomes are regularly reviewed and analyzed to refine procedures and prevent recurrence.

4. **Training and Awareness:**
   Enhance training for maintenance personnel to recognize and address systemic issues effectively, ensuring that repairs lead to long-term solutions.

By utilizing graph-based reasoning, we can uncover complex interactions and dependencies that traditional analysis might miss, leading to more effective and strategic maintenance interventions in aviation safety.",,False
root_cause_analysis_007,"How do differences in maintenance actions, such as tightening versus inspection, impact the recurrence and resolution of fastener issues?",root_cause_analysis,"The impact of different maintenance actions, such as tightening versus inspection, on the recurrence and resolution of fastener issues is significant in aviation safety. The provided data highlights several instances where maintenance practices directly influenced the safety and operational integrity of aircraft.

1. **Direct Impact on Recurrence and Resolution:**
   - **Tightening Actions:** The data indicates that proper tightening of fasteners can prevent issues from recurring. For example, the record stating ""ALL ROCKER COVERS NEED TIGHTENING"" suggests that a proactive tightening action can mitigate potential leaks or failures. This preventive measure ensures that components remain secure during operation, reducing the likelihood of in-flight incidents.
   - **Inspection Actions:** Inspections are crucial for identifying potential issues before they escalate. The record ""ENGINE INSPECTION PANEL MISSING SCREW"" highlights the importance of thorough inspections. Identifying missing or loose fasteners during inspections allows for corrective actions, such as replacing or tightening, to be taken before the aircraft is cleared for flight.

2. **Examples and Patterns:**
   - The incident where ""PILOT FLEW AIRCRAFT NOT SIGNED OFF AFTER INSPECTION. LOST UPPER ENGINE COWLING IN FLIGHT. HAD NOT BEEN FASTENED"" underscores the critical role of inspections in ensuring all components are properly secured. This incident suggests a lapse in the inspection process, where the fastening of the cowling was either overlooked or inadequately performed.
   - The pattern of ""Improper Maintenance"" noted in the records suggests systemic issues in maintenance practices. These could stem from inadequate training, oversight, or procedural adherence, leading to recurring fastener issues.

3. **Relationships and Insights:**
   - There is a clear relationship between the thoroughness of inspections and the effectiveness of subsequent maintenance actions like tightening. Inspections that fail to identify loose or missing fasteners can lead to repeated issues, while effective inspections followed by appropriate tightening can resolve and prevent recurrence.
   - The data suggests that maintenance actions focused solely on inspection without corrective follow-up (e.g., tightening) may not be sufficient to ensure safety. Conversely, tightening without prior inspection may overlook underlying issues, such as damaged threads or incompatible fasteners.

4. **Actionable Insights:**
   - **Enhanced Training:** Maintenance personnel should receive comprehensive training that emphasizes the importance of both inspection and corrective actions like tightening. This training should include recognizing signs of wear or improper fastening.
   - **Standardized Procedures:** Implementing standardized checklists that require verification of fastener security during both inspections and post-maintenance checks can help prevent oversights.
   - **Quality Assurance:** Establishing a robust quality assurance process that includes random audits of maintenance work can help identify and rectify systemic issues in maintenance practices.

In conclusion, the interplay between inspection and tightening actions is critical in managing fastener issues. Effective resolution and prevention of recurrence hinge on a balanced approach that integrates thorough inspections with appropriate corrective actions, supported by training and standardized procedures. This approach enhances aviation safety by ensuring that all components remain secure and operationally reliable.","To address the impact of different maintenance actions, such as tightening versus inspection, on the recurrence and resolution of fastener issues, we can leverage the graph-structured knowledge and supporting data context provided. Here's a comprehensive analysis:

### Graph-Structured Relationships and Patterns

1. **Maintenance Procedures and Incidents**:
   - The **MAINTENANCE** node is linked to multiple incidents, indicating that maintenance actions are central to resolving or contributing to issues.
   - **PREVIOUS MAINTENANCE** is connected to the **MAINTENANCE** node, suggesting a historical context where past procedures influence current outcomes.

2. **Inspection and Fastener Issues**:
   - The **ANNUAL INSPECTION** node, connected to **INSPECTION**, highlights the role of regular checks in identifying potential fastener problems before they escalate.
   - The incident involving a pilot flying an aircraft not signed off after inspection, leading to the loss of the upper engine cowling, underscores the critical nature of inspections in ensuring fasteners are properly secured.

3. **Specific Fastener-Related Problems**:
   - The **ENGINE INSPECTION PANEL MISSING SCREW** and **ALL ROCKER COVERS NEED TIGHTENING** entries from the aircraft_annotation records point to specific fastener issues that require both inspection and corrective action (tightening).

### Synthesis of Information from Multiple Knowledge Sources

- **Inspection** is crucial for identifying issues such as missing screws or improperly fastened components. However, without subsequent corrective actions like tightening, these issues can recur or worsen.
- **Tightening** serves as a corrective measure that directly addresses identified fastener issues, preventing recurrence if performed correctly.

### Complex Interactions and Dependencies

- The relationship between **INSPECTION** and **MAINTENANCE** indicates a dependency where inspections inform maintenance actions. If inspections are thorough, they can guide effective maintenance, such as tightening, to resolve fastener issues.
- The incident of the aircraft losing its cowling due to improper fastening illustrates the dependency on both inspection and corrective maintenance actions to ensure safety.

### Evidence-Based Insights with Graph Provenance

- The graph shows that incidents related to fastener issues often involve a lack of proper maintenance follow-up after inspections. This is evidenced by the repeated mention of improper maintenance and missing fasteners in the supporting data context.
- The connection between **ANNUAL INSPECTION** and incidents suggests that regular inspections are a critical opportunity to catch fastener issues early.

### Strategic Recommendations

1. **Enhance Inspection Protocols**:
   - Implement more rigorous inspection protocols that specifically target fastener integrity, ensuring that all components are checked for proper fastening.

2. **Integrate Corrective Maintenance**:
   - Ensure that inspections are always followed by necessary corrective actions, such as tightening, to address any identified fastener issues.

3. **Training and Awareness**:
   - Provide training for maintenance personnel on the importance of both inspection and corrective actions, emphasizing the role of each in preventing fastener-related incidents.

4. **Documentation and Follow-Up**:
   - Improve documentation practices to ensure that all identified issues during inspections are logged and addressed in subsequent maintenance actions.

By leveraging graph-based reasoning, we can see that the interplay between inspection and corrective maintenance actions like tightening is crucial in preventing the recurrence of fastener issues. This systemic understanding can guide strategic improvements in maintenance practices to enhance aviation safety.",,False
root_cause_analysis_008,What insights can be drawn about the relationship between structural damage and the timing of maintenance actions in preventing further deterioration or failure?,root_cause_analysis,"The relationship between structural damage and the timing of maintenance actions is critical in preventing further deterioration or failure in aviation. The provided context from the aviation maintenance data highlights several key insights into how timely maintenance actions can mitigate risks associated with structural damage.

1. **Early Detection and Repair**: The data shows instances of structural damage, such as ""RING GEAR HAS TOO MANY DAMAGED TEETH"" and ""REMOVED DAMAGED PORTION OF TUBES."" These examples underscore the importance of early detection and repair of structural issues. Timely identification and rectification of such damage can prevent more severe failures, such as engine failure or in-flight emergencies. For instance, addressing a cracked baffle or leaking gaskets promptly can prevent engine overheating or oil leaks, which could lead to engine failure if left unchecked.

2. **Preventive Maintenance**: The maintenance records indicate that preventive maintenance is crucial. For example, the narrative mentioning the ""REINSTALLED ENGINE IAW MAINTENANCE MAN"" suggests that following maintenance manuals and schedules can prevent unexpected failures. Regular inspections and adherence to maintenance schedules can identify potential issues before they lead to critical failures, such as the engine failure reported shortly after takeoff.

3. **Training and Familiarity**: The incident where the ""CFI UNFAMILIAR WITH DISCONNECT"" highlights the need for thorough training and familiarity with aircraft systems. Maintenance personnel and pilots must be well-versed in the aircraft's systems to ensure that maintenance actions are correctly executed and that pilots can respond appropriately to in-flight issues.

4. **Failure Analysis and Feedback Loop**: The dataset includes records of incorrect use, which suggests a need for a robust feedback loop in maintenance practices. Analyzing failures and understanding their root causes can inform future maintenance actions and training programs. For example, understanding why a cyclic control lock was not removed can lead to procedural changes or additional checks in pre-flight inspections.

5. **Actionable Insights for Safety**:
   - Implement regular and thorough inspections focusing on known areas of vulnerability, such as gear teeth and engine components.
   - Enhance training programs for maintenance personnel and pilots to ensure familiarity with aircraft systems and emergency procedures.
   - Develop a feedback mechanism to analyze failures and adjust maintenance practices and training accordingly.
   - Prioritize the repair of identified damages during inspections to prevent escalation into more severe issues.

In conclusion, the relationship between structural damage and the timing of maintenance actions is pivotal in aviation safety. Early detection, preventive maintenance, proper training, and a robust feedback loop are essential components in preventing further deterioration or failure, thereby enhancing the overall safety and reliability of aircraft operations.","To address the question of the relationship between structural damage and the timing of maintenance actions in preventing further deterioration or failure, we can leverage the graph-based knowledge and data context provided. The insights drawn from the graph-structured relationships and patterns are as follows:

1. **Graph-Structured Relationships and Patterns**:
   - The graph shows connections between various maintenance procedures (e.g., MAINTENANCE, PREVIOUS MAINTENANCE, ANNUAL INSPECTION) and structural components (e.g., DENTED STABILIZER, DAMAGED PROP, LONGERON).
   - The node ""STRUCTURE"" is connected to incidents involving structural damage, indicating that structural integrity is a recurring theme in the incidents recorded.

2. **Synthesis of Information from Multiple Knowledge Sources**:
   - The node ""MAINTENANCE"" is linked to multiple incidents, suggesting that maintenance actions are crucial in addressing issues that could lead to structural damage.
   - The ""ANNUAL INSPECTION"" node, connected to the ""INSPECTION"" node, highlights the role of regular inspections in identifying potential issues before they lead to significant damage.
   - The ""DEFECTS"" node, associated with incidents, suggests that defects, if not addressed timely, can escalate into more severe structural failures.

3. **Complex Interactions and Dependencies**:
   - The connection between ""DENTED STABILIZER"" and ""LOOSE COWLING"" suggests that damage to one component can affect adjacent parts, emphasizing the need for comprehensive maintenance checks.
   - The presence of ""WORN OUT & INEFFECTIVE BRAKES"" and ""DAMAGED PROP"" nodes indicates that systemic issues can arise from neglecting maintenance, leading to cascading failures.

4. **Evidence-Based Insights with Graph Provenance**:
   - The repeated incident IDs across nodes (e.g., '19860228038269I' in both ""MAINTENANCE"" and ""PREVIOUS MAINTENANCE"") provide evidence that prior maintenance actions are linked to subsequent incidents, underscoring the importance of timely and effective maintenance.
   - The community insights, particularly Community 1, which includes entities like ""PILOT IN COMMAND (PIC)"" and ""RIGHT TANK,"" suggest that human factors and specific aircraft components are often involved in incidents, highlighting areas for targeted maintenance focus.

5. **Strategic Recommendations Based on Systemic Understanding**:
   - Implement a proactive maintenance strategy that prioritizes regular inspections and timely repairs, particularly focusing on components with historical damage patterns (e.g., stabilizers, props).
   - Develop a comprehensive training program for maintenance personnel to recognize early signs of structural damage and understand the interconnectedness of aircraft systems.
   - Utilize predictive analytics to forecast potential failures based on historical maintenance and incident data, allowing for preemptive actions to prevent deterioration.
   - Encourage a culture of safety and accountability among pilots and maintenance crews to ensure adherence to maintenance protocols and timely reporting of defects.

In conclusion, the graph-based reasoning reveals that timely maintenance and inspections are critical in preventing structural damage and subsequent failures. By understanding the complex interactions and dependencies within aircraft systems, stakeholders can implement strategic measures to enhance aviation safety and reliability.",,False
predictive_maintenance_001,What historical patterns can help identify early warning signs of engine problems that lead to complete failure?,predictive_maintenance,"To identify early warning signs of engine problems that could lead to complete failure, we can analyze historical patterns from the provided aviation maintenance data. The data includes narratives of incidents, aircraft annotations, and general maintenance issues. Here are the key patterns and insights:

1. **Fuel System Issues**: One of the narratives mentions an engine failure due to the neglect of installing an engine-driven fuel pump and having the auxiliary pump off. This highlights the critical role of the fuel system in engine reliability. Regular checks and proper installation of fuel pumps are essential. Maintenance teams should ensure that both primary and auxiliary fuel systems are operational and correctly installed.

2. **Engine Idle and Control Systems**: The repeated mention of ""ENGINE IDLE OVERRIDE KILLED ENGINE"" suggests a recurring issue with engine idle settings or control systems. This indicates that improper idle settings or overrides can lead to engine shutdowns. Regular calibration and testing of engine idle settings during maintenance can prevent such failures. Additionally, training pilots on the implications of idle overrides can enhance safety.

3. **Ignition System Problems**: The aircraft annotation records mention fouled spark plugs and adjustments needed for idle settings. Fouled spark plugs can lead to misfires and engine inefficiency, which are precursors to engine failure. Regular inspection and cleaning of spark plugs, as well as ensuring proper ignition timing, are crucial maintenance practices.

4. **Mechanical Wear and Leaks**: The general dataset information points to cracked baffles and leaking gaskets. These mechanical issues can lead to overheating and loss of engine efficiency. Routine inspections for cracks, leaks, and wear in engine components, especially in high-stress areas like cylinders and gaskets, should be prioritized to prevent escalation into more severe problems.

5. **Human Factors and Procedural Errors**: The incident of a pilot failing to remove the cyclic control lock before flight underscores the importance of procedural adherence and human factors in aviation safety. Implementing robust pre-flight checklists and ensuring thorough pilot training can mitigate such risks.

**Actionable Insights**:
- Implement a comprehensive inspection routine focusing on fuel systems, ignition systems, and mechanical integrity.
- Enhance training programs for maintenance personnel and pilots, emphasizing the importance of procedural compliance and the impact of human factors.
- Utilize predictive maintenance technologies, such as engine health monitoring systems, to detect anomalies in idle settings, fuel flow, and ignition performance before they lead to failures.
- Foster a culture of safety where pilots and maintenance crews are encouraged to report even minor irregularities, which can be early indicators of larger issues.

By addressing these patterns and implementing the recommended actions, aviation safety can be significantly enhanced, reducing the likelihood of engine failures and improving overall operational reliability.","To identify early warning signs of engine problems that could lead to complete failure, we can leverage the graph-structured relationships and patterns found in the provided knowledge context. By synthesizing information from multiple nodes and their connections, we can uncover complex interactions and dependencies that are indicative of potential engine issues.

### Key Patterns and Relationships:

1. **Engine Overheat and Related Symptoms**:
   - The node ""ENGINE OVERHEAT"" is connected to ""AIR INTAKE PLUGS"" and ""HOT OIL SMELL."" These connections suggest that overheating issues might be preceded by or associated with blockages in air intake systems and the presence of unusual smells, such as hot oil. Monitoring these symptoms can serve as early indicators of potential overheating problems.

2. **Fuel System Anomalies**:
   - The node ""EARLY FUEL EXHAUSTION FROM FUEL SIPHONING"" is related to ""FUEL EXHAUSTION."" This indicates that issues with fuel management, such as siphoning, can lead to premature fuel exhaustion, which in turn can cause engine power loss or failure. Regular checks on fuel system integrity and consumption patterns can help identify these issues early.

3. **Engine Power and Rough Operation**:
   - The node ""ROUGH ENGINE"" is directly related to ""ENGINE."" Rough engine operation can be a precursor to more severe power issues. This is supported by the connection between ""ENGINE POWER FAILURE"" and ""POWER FAILURE,"" suggesting that roughness or irregular operation should be promptly investigated to prevent escalation.

4. **Maintenance and Operational Oversights**:
   - The supporting data context highlights incidents where operational oversights, such as neglecting to install an engine-driven fuel pump or failing to remove control locks, have led to engine failures. This underscores the importance of thorough pre-flight checks and adherence to maintenance protocols.

### Evidence-Based Insights:

- **Graph Provenance**: The relationships between nodes such as ""ENGINE OVERHEAT,"" ""ENGINE POWER FAILURE,"" and ""EARLY FUEL EXHAUSTION FROM FUEL SIPHONING"" provide a clear provenance of how interconnected issues can lead to engine failures. These connections highlight the systemic nature of engine problems, where multiple factors can contribute to a single failure event.

- **Community Insights**: Community 2, which includes entities like ""RPM LOSS,"" ""PILOT ERROR,"" and ""POWER LOSS,"" suggests that human factors and operational errors are significant contributors to engine-related incidents. This aligns with the maintenance records indicating pilot and procedural errors.

### Strategic Recommendations:

1. **Enhanced Monitoring Systems**: Implement advanced monitoring systems that can detect early signs of overheating, fuel anomalies, and rough engine operation. These systems should be capable of alerting maintenance crews and pilots to potential issues before they lead to failure.

2. **Comprehensive Pre-Flight Checks**: Reinforce the importance of thorough pre-flight inspections, focusing on critical systems such as fuel management and control locks. Training programs should emphasize the identification of subtle signs of engine distress.

3. **Predictive Maintenance Programs**: Develop predictive maintenance strategies that utilize data analytics to forecast potential engine issues based on historical patterns and current operational data. This proactive approach can help mitigate risks associated with engine failures.

4. **Cross-Functional Communication**: Foster communication between pilots, maintenance crews, and engineers to ensure that all parties are aware of potential issues and can collaborate on solutions. Sharing insights from graph-based analyses can enhance collective understanding and response strategies.

By leveraging graph-based reasoning, we can gain a systemic understanding of engine failure precursors, allowing for more effective prevention and mitigation strategies in aviation safety.",,False
predictive_maintenance_002,Which combinations of leakage issues and fastener problems show the highest risk of escalating into structural damage?,predictive_maintenance,"To determine which combinations of leakage issues and fastener problems present the highest risk of escalating into structural damage, we need to analyze the provided maintenance data context and identify patterns that suggest a higher likelihood of severe outcomes.

1. **Analysis of Leakage Issues:**
   - The records indicate multiple instances of leakage, particularly involving rocker cover gaskets and intake systems. For example, ""#2 & 4 CYL ROCKER COVER GASKETS ARE LEAKING"" and ""#2, 3 INTAKE ON R/H ENGINE LEAKING"" are noted.
   - Leakage in these areas can lead to engine performance issues, such as fuel contamination or improper air-fuel mixture, which can result in engine failure or reduced power output. This is evidenced by the record ""ENGINE QUIT DUE TO FUEL CONTAMINATION.""

2. **Analysis of Fastener Problems:**
   - Fastener issues are not explicitly mentioned in the provided context, but they are often related to structural integrity. Loose or improperly secured fasteners can exacerbate leakage problems by failing to maintain proper seals, leading to further mechanical failures.

3. **Patterns and Relationships:**
   - The combination of leakage in critical engine components (e.g., rocker cover gaskets and intake systems) with potential fastener issues can create a compounding effect. This is particularly dangerous during critical phases of flight, such as takeoff and landing, where engine reliability is paramount.
   - The record ""INITIAL CLIMB. RIGHT TURN. UNABLE TO GET WING UP. HIT WATER. ROLLED OVER. SANK. SUSPECT WATER IN WING. LEAKY FLOATS..."" suggests that unresolved leakage issues can lead to catastrophic outcomes, especially if they affect the aircraft's balance and control surfaces.

4. **Actionable Insights:**
   - Regular inspection and maintenance of engine gaskets and intake systems are crucial. Ensuring that all fasteners are properly torqued and secured can prevent leaks from developing or worsening.
   - Implementing a more rigorous leak detection protocol during routine maintenance checks can help identify and rectify potential issues before they escalate.
   - Training maintenance personnel to recognize the signs of fastener-related problems, such as unusual vibrations or noise, can aid in early detection and correction.

5. **Focus on Aviation Safety and Maintenance:**
   - Prioritizing maintenance tasks that address both leakage and fastener integrity can significantly reduce the risk of structural damage. This includes using high-quality replacement parts and adhering to manufacturer specifications for torque settings.
   - Developing a comprehensive maintenance schedule that accounts for the specific wear patterns and environmental conditions experienced by the aircraft can further enhance safety.

In conclusion, the combination of leakage issues, particularly in engine components, and potential fastener problems poses a significant risk of escalating into structural damage. By focusing on preventive maintenance and early detection, aviation safety can be greatly improved.","To address the question of which combinations of leakage issues and fastener problems show the highest risk of escalating into structural damage, we need to analyze the graph-based knowledge and supporting data context provided.

### Graph-Based Analysis

1. **Nodes and Connections:**
   - **IMPROPERLY SECURED VENT CAP**: This node is connected to the VENT CAP and CAP, indicating issues related to securing components that could lead to leaks or pressure imbalances.
   - **LEAK**: This node is directly related to incident ID '19940818022409A', suggesting a history of leakage issues.
   - **NO LOCKING PINS IN SEAT TRACK**: This node highlights fastener-related problems, specifically the absence of locking pins, which could lead to structural instability.

2. **Incident Patterns:**
   - The node **9 INCH TEAR IN FUSELAGE** is connected to the TEAR, indicating structural damage. This suggests that leakage issues, when combined with improper fastening (such as missing locking pins), could escalate to significant structural damage.

3. **Community Insights:**
   - Community 1 includes entities like LIGHT, COWL, and RIGHT TANK, which may be indirectly related to structural integrity through their connections to leakage and fastening issues.
   - Community 2, focusing on RPM LOSS and PILOT ERROR, suggests operational issues that could exacerbate the consequences of structural weaknesses.

### Supporting Data Context

1. **Maintenance Records:**
   - Records indicate a history of leaks in critical components like rocker cover gaskets and intake systems. These leaks, if not properly managed, can lead to pressure imbalances and structural stress.
   - The mention of ""LEAKY FLOATS"" in the context of an aircraft sinking after hitting water underscores the risk of leakage leading to catastrophic outcomes.

2. **Aircraft Annotations:**
   - The repeated mention of leaking gaskets and intakes highlights a systemic issue with sealing components, which could be exacerbated by improper fastening, leading to structural failures.

### Evidence-Based Insights

- **Complex Interactions:**
  The combination of leakage issues (e.g., improperly secured vent caps, leaking gaskets) with fastener problems (e.g., no locking pins) creates a high-risk scenario for structural damage. The graph indicates that these issues are interconnected and can lead to significant incidents, such as fuselage tears.

- **Graph Provenance:**
  The graph structure shows direct connections between leakage nodes and structural damage nodes, with incident IDs providing historical evidence of these interactions.

### Strategic Recommendations

1. **Enhanced Inspection Protocols:**
   - Implement rigorous inspection protocols focusing on both leakage points and fastener integrity. Ensure that vent caps, gaskets, and locking pins are secured and functioning correctly.

2. **Predictive Maintenance:**
   - Utilize predictive maintenance technologies to monitor for early signs of leakage and fastener wear. This proactive approach can prevent escalation into structural damage.

3. **Training and Awareness:**
   - Increase training for maintenance personnel on the criticality of securing fasteners and addressing leaks promptly. Awareness programs can reduce human error and improve response times.

4. **Systemic Risk Assessment:**
   - Conduct a comprehensive risk assessment that considers the interplay between leakage and fastening issues. Use graph-based models to simulate potential failure scenarios and develop mitigation strategies.

By leveraging graph-based reasoning, we can identify and address complex interactions between leakage and fastener issues, ultimately enhancing aviation safety and preventing structural damage.",,False
