c119,gemma3_4b_it_triplets,phi4mini_instruct_triplets,gemma3_4b_it_triplets_clean,phi4mini_instruct_triplets_clean
"ACFT WAS TAXIING FOR TAKE OFF WHEN IT LOST CONTROL, RAN INTO A DITCH, AND STRUCK A TREE. OTHER CIRCUMSTANCES AE UNK","<ACFT, INSTANCE OF, TAXIING>
<ACFT, HAS EFFECT, LOST CONTROL>
<LOST CONTROL, HAS CAUSE, RAN INTO A DITCH>
<RAN INTO A DITCH, HAS CAUSE, STRUCK A TREE>","<ACFT, EVENT DISTANCE, TAXIING FOR TAKE OFF>
<ACFT, EVENT DISTANCE, LOST CONTROL>
<ACFT, EVENT DISTANCE, RAN INTO A DITCH>
<ACFT, EVENT DISTANCE, STRUCK A TREE>
<ACFT, MAINTAINED BY, UNK>
<ACFT, EVENT DISTANCE, TAXIING FOR TAKE OFF>
<ACFT, EVENT DISTANCE, LOST CONTROL>
<ACFT, EVENT DISTANCE, RAN INTO A DITCH>
<ACFT, EVENT DISTANCE, STRUCK A TREE>
<ACFT, MAINTAINED BY, UNK>","<ACFT, INSTANCE OF, TAXIING>
<ACFT, HAS EFFECT, LOST CONTROL>
<LOST CONTROL, HAS CAUSE, RAN INTO A DITCH>
<RAN INTO A DITCH, HAS CAUSE, STRUCK A TREE>","<ACFT, EVENT DISTANCE, TAXIING FOR TAKE OFF>
<ACFT, EVENT DISTANCE, LOST CONTROL>
<ACFT, EVENT DISTANCE, RAN INTO A DITCH>
<ACFT, EVENT DISTANCE, STRUCK A TREE>
<ACFT, MAINTAINED BY, UNK>
<ACFT, EVENT DISTANCE, TAXIING FOR TAKE OFF>
<ACFT, EVENT DISTANCE, LOST CONTROL>
<ACFT, EVENT DISTANCE, RAN INTO A DITCH>
<ACFT, EVENT DISTANCE, STRUCK A TREE>
<ACFT, MAINTAINED BY, UNK>"
"AFTER TAKEOFF, ENGINE QUIT. WING FUEL TANK SUMPS WERE NOT DRAINED DURING PREFLIGHT BECAUSE THEY WERE FROZEN.       ","<ENGINE, HAS CAUSE, TAKEOFF>
<WING FUEL TANK SUMPS, HAS EFFECT, ENGINE QUIT>
<PREFLIGHT, TIME PERIOD, AFTER TAKEOFF>
<WING FUEL TANK SUMPS, MAINTAINED BY, NOT DRAINED>","<TAKEOFF, EVENT DISTANCE, ENGINE QUIT>
<WING FUEL TANK SUMPS, CONDITION, FROZEN>
<WING FUEL TANK SUMPS, NOT DRAINED, DURING PREFLIGHT>","<ENGINE, HAS CAUSE, TAKEOFF>
<WING FUEL TANK SUMPS, HAS EFFECT, ENGINE QUIT>
<PREFLIGHT, TIME PERIOD, AFTER TAKEOFF>
<WING FUEL TANK SUMPS, MAINTAINED BY, NOT DRAINED>","<TAKEOFF, EVENT DISTANCE, ENGINE QUIT>
<WING FUEL TANK SUMPS, CONDITION, FROZEN>
<WING FUEL TANK SUMPS, NOT DRAINED, DURING PREFLIGHT>"
HELICOPTER TOOK OFF WITH SLING LOAD ATTACHED. CRASHED WHEN LOAD WEDGED IN TREES. IMPROPER PREFLIGHT.               ,"<HELICOPTER, STARTED WITH, SLING LOAD>
<CRASHED, HAS CAUSE, IMPROPER PREFLIGHT>
<CRASHED, EVENT DISTANCE, TREES>","<HELICOPTER, LOCATION, TREES>
<CRASH, MAINTAINED BY, IMPROPER PREFLIGHT>
<CRASH, HAS EFFECT, SLING LOAD WEDGED IN TREES>","<HELICOPTER, STARTED WITH, SLING LOAD>
<CRASHED, HAS CAUSE, IMPROPER PREFLIGHT>
<CRASHED, EVENT DISTANCE, TREES>","<HELICOPTER, LOCATION, TREES>
<CRASH, MAINTAINED BY, IMPROPER PREFLIGHT>
<CRASH, HAS EFFECT, SLING LOAD WEDGED IN TREES>"
WHILE TAXIING LOST NOSEWHEEL STEERING AND BRAKES. STRUCK 2 AIRCRAFT AND FENCE. CIRCUIT BREAKER HYDRAULIC PUMP OPEN.,"<TAXIING, HAS CAUSE, LOST NOSEWHEEL STEERING AND BRAKES>
<TAXIING, HAS EFFECT, STRUCK 2 AIRCRAFT AND FENCE>
<CIRCUIT BREAKER HYDRAULIC PUMP, PART OF, TAXIING>","<TAXIING, EVENT DISTANCE, LOST NOSEWHEEL STEERING AND BRAKES>
<TAXIING, EVENT DISTANCE, STRUCK 2 AIRCRAFT AND FENCE>
<TAXIING, EVENT DISTANCE, CIRCUIT BREAKER HYDRAULIC PUMP OPEN>","<TAXIING, HAS CAUSE, LOST NOSEWHEEL STEERING AND BRAKES>
<TAXIING, HAS EFFECT, STRUCK 2 AIRCRAFT AND FENCE>
<CIRCUIT BREAKER HYDRAULIC PUMP, PART OF, TAXIING>","<TAXIING, EVENT DISTANCE, LOST NOSEWHEEL STEERING AND BRAKES>
<TAXIING, EVENT DISTANCE, STRUCK 2 AIRCRAFT AND FENCE>
<TAXIING, EVENT DISTANCE, CIRCUIT BREAKER HYDRAULIC PUMP OPEN>"
FORWARD CARGO DOOR OPENED AS AIRCRAFT TOOK OFF. OBJECTS DROPPED OUT. RETURNED. FAILED TO SEE WARNING LIGHT.        ,"<FORWARD CARGO DOOR, OPENED BY, AIRCRAFT>
<AIRCRAFT, TOOK OFF, FOLLOWED BY>
<OBJECTS, DROPPED OUT, HAS EFFECT>
<RETURNED, FOLLOWS, FAILED TO SEE WARNING LIGHT>
<FAILED TO SEE WARNING LIGHT, INFLUENCED BY, AIRCRAFT>","<FORWARD CARGO DOOR, EVENT DISTANCE, TOOK OFF>
<OBJECTS DROPPED OUT, HAS EFFECT, FORWARD CARGO DOOR OPENED>
<WARNING LIGHT, FAILED TO SEE, RETURNED>","<FORWARD CARGO DOOR, OPENED BY, AIRCRAFT>
<AIRCRAFT, TOOK OFF, FOLLOWED BY>
<OBJECTS, DROPPED OUT, HAS EFFECT>
<RETURNED, FOLLOWS, FAILED TO SEE WARNING LIGHT>
<FAILED TO SEE WARNING LIGHT, INFLUENCED BY, AIRCRAFT>","<FORWARD CARGO DOOR, EVENT DISTANCE, TOOK OFF>
<OBJECTS DROPPED OUT, HAS EFFECT, FORWARD CARGO DOOR OPENED>
<WARNING LIGHT, FAILED TO SEE, RETURNED>"
"(-23) MR. TIMOTHY ALLEN WELLS WAS ACTING AS PILOT IN COMMAND OF A BELL HELICOPTER MODEL BHT-47-G5, N4754R, ENGAGED ","<MR. TIMOTHY ALLEN WELLS, USED BY, BELL HELICOPTER>
<BELL HELICOPTER MODEL BHT-47-G5, INSTANCE OF, N4754R>
<N4754R, ROLE, PILOT IN COMMAND>","<MR. TIMOTHY ALLEN WELLS, ACTING AS, PILOT>
<MR. TIMOTHY ALLEN WELLS, ENGAGED, BELL HELICOPTER MODEL BHT-47-G5, N4754R>","<MR. TIMOTHY ALLEN WELLS, USED BY, BELL HELICOPTER>
<BELL HELICOPTER MODEL BHT-47-G5, INSTANCE OF, N4754R>
<N4754R, ROLE, PILOT IN COMMAND>","<MR. TIMOTHY ALLEN WELLS, ACTING AS, PILOT>
<MR. TIMOTHY ALLEN WELLS, ENGAGED, BELL HELICOPTER MODEL BHT-47-G5, N4754R>"
FORCED LANDING AFTER ONE ENGINE QUIT;FOUND ICE IN AUXILIARY FUEL SYSTEM.                                           ,"<ENGINE, HAS CAUSE, FORCED LANDING>
<AUXILIARY FUEL SYSTEM, HAS EFFECT, ICE>","<ENGINE, QUIT, FORCED LANDING>
<ICE, IN, AUXILIARY FUEL SYSTEM>
<FORCED LANDING, CAUSE, ENGINE QUIT>","<ENGINE, HAS CAUSE, FORCED LANDING>
<AUXILIARY FUEL SYSTEM, HAS EFFECT, ICE>","<ENGINE, QUIT, FORCED LANDING>
<ICE, IN, AUXILIARY FUEL SYSTEM>
<FORCED LANDING, CAUSE, ENGINE QUIT>"
PILOT WAS DESCENDING TO LOWER ALTITUDE DUE TO ICING. LOST CONTROL. ALTIMETER NOT IFR CERTIFIED. ICING FORECAST.    ,"<PILOT, USED BY, ALTIMETER>
<ICING, HAS CAUSE, LOST CONTROL>
<ICING, FOLLOWED BY, ALTIMETER NOT IFR CERTIFIED>
<ICING, INFLUENCED BY, ICING FORECAST>","<PILOT, EVENT DISTANCE, DESCENDING TO LOWER ALTITUDE>
<PILOT, EVENT DISTANCE, LOST CONTROL>
<PILOT, EVENT DISTANCE, ALTIMETER NOT IFR CERTIFIED>
<ICING, EVENT DISTANCE, LOST CONTROL>
<ICING, HAS EFFECT, ALTIMETER NOT IFR CERTIFIED>
<ICING, LOCATION, FORECAST>
<FORECAST, TIME PERIOD, CURRENT>","<PILOT, USED BY, ALTIMETER>
<ICING, HAS CAUSE, LOST CONTROL>
<ICING, FOLLOWED BY, ALTIMETER NOT IFR CERTIFIED>
<ICING, INFLUENCED BY, ICING FORECAST>","<PILOT, EVENT DISTANCE, DESCENDING TO LOWER ALTITUDE>
<PILOT, EVENT DISTANCE, LOST CONTROL>
<PILOT, EVENT DISTANCE, ALTIMETER NOT IFR CERTIFIED>
<ICING, EVENT DISTANCE, LOST CONTROL>
<ICING, HAS EFFECT, ALTIMETER NOT IFR CERTIFIED>
<ICING, LOCATION, FORECAST>
<FORECAST, TIME PERIOD, CURRENT>"
(-23) AIRCRAFT DEPARTED RAY AIRPORT AND AFTER TAKEOFF INTO THE CLIMB AIRCRAFT ENGINE STARTED TO HAVE PROBLEMS. PILO,"<AIRCRAFT, DEPARTED FROM, RAY AIRPORT>
<AIRCRAFT, FOLLOWED BY, TAKEOFF>
<AIRCRAFT, FOLLOWED BY, INTO THE CLIMB>
<AIRCRAFT ENGINE, HAS CAUSE, PROBLEMS>","<CLIMB AIRCRAFT, LOCATION, RAY AIRPORT>
<CLIMB AIRCRAFT, EVENT DISTANCE, AFTER TAKEOFF>
<CLIMB AIRCRAFT, HAS CAUSE, ENGINE PROBLEMS>","<AIRCRAFT, DEPARTED FROM, RAY AIRPORT>
<AIRCRAFT, FOLLOWED BY, TAKEOFF>
<AIRCRAFT, FOLLOWED BY, INTO THE CLIMB>
<AIRCRAFT ENGINE, HAS CAUSE, PROBLEMS>","<CLIMB AIRCRAFT, LOCATION, RAY AIRPORT>
<CLIMB AIRCRAFT, EVENT DISTANCE, AFTER TAKEOFF>
<CLIMB AIRCRAFT, HAS CAUSE, ENGINE PROBLEMS>"
RAN OUT OF FUEL ON FERRY FLIGHT. LEFT PONTOON SEPARATED LANDING IN A POND. FUEL CAP NOT SECURED. FUEL SIPHONED.    ,"<FUEL CAP, NOT SECURED, FUEL SIPHONED>
<FUEL SIPHONED, HAS CAUSE, RAN OUT OF FUEL>
<FERRY FLIGHT, EVENT DISTANCE, PONTOON SEPARATED LANDING IN A POND>","<FERRY FLIGHT, EVENT DISTANCE, RAN OUT OF FUEL>
<FERRY FLIGHT, EVENT DISTANCE, LEFT PONTOON SEPARATED LANDING IN A POND>
<FERRY FLIGHT, EVENT DISTANCE, FUEL CAP NOT SECURED>
<FERRY FLIGHT, EVENT DISTANCE, FUEL SIPHONED>","<FUEL CAP, NOT SECURED, FUEL SIPHONED>
<FUEL SIPHONED, HAS CAUSE, RAN OUT OF FUEL>
<FERRY FLIGHT, EVENT DISTANCE, PONTOON SEPARATED LANDING IN A POND>","<FERRY FLIGHT, EVENT DISTANCE, RAN OUT OF FUEL>
<FERRY FLIGHT, EVENT DISTANCE, LEFT PONTOON SEPARATED LANDING IN A POND>
<FERRY FLIGHT, EVENT DISTANCE, FUEL CAP NOT SECURED>
<FERRY FLIGHT, EVENT DISTANCE, FUEL SIPHONED>"
"(.4)THE PILOT SAID THAT SHORTLY AFTER TAKEOFF, THE ENGINE 'STARTED CUTTING OUT AND WAS NOT DEVELOPING ENOUGH POWER ","<ENGINE, HAS CAUSE, TAKEOFF>
<ENGINE, HAS EFFECT, NOT DEVELOPING ENOUGH POWER>","<TAKEOFF, EVENT DISTANCE, SHORTLY AFTER>
<ENGINE, HAS CAUSE, CUTTING OUT>
<ENGINE, HAS CAUSE, NOT DEVELOPING ENOUGH POWER>","<ENGINE, HAS CAUSE, TAKEOFF>
<ENGINE, HAS EFFECT, NOT DEVELOPING ENOUGH POWER>","<TAKEOFF, EVENT DISTANCE, SHORTLY AFTER>
<ENGINE, HAS CAUSE, CUTTING OUT>
<ENGINE, HAS CAUSE, NOT DEVELOPING ENOUGH POWER>"
"LOOSE COWLING ON TAKEOFF. COWLING CAME OFF ON RETURNING TO LAND. CRACKED WINDSHIELD, DENTED STABILIZER.            ","<LOOSE COWLING, HAS EFFECT, CRACKED WINDSHIELD>
<LOOSE COWLING, HAS EFFECT, DENTED STABILIZER>
<CRACKED WINDSHIELD, EVENT DISTANCE, TAKEOFF>
<CRACKED WINDSHIELD, EVENT DISTANCE, RETURNING TO LAND>
<DENTED STABILIZER, EVENT DISTANCE, RETURNING TO LAND>","<CRACKED WINDSHIELD, HAS CAUSE, DENTED STABILIZER>
<CRACKED WINDSHIELD, HAS CAUSE, COWLING>
<CRACKED WINDSHIELD, HAS CAUSE, DENTED STABILIZER>
<CRACKED WINDSHIELD, HAS CAUSE, COWLING>
<CRACKED WINDSHIELD, HAS CAUSE, DENTED STABILIZER>
<CRACKED WINDSHIELD, HAS CAUSE, COWLING>
<CRACKED WINDSHIELD, HAS CAUSE, DENTED STABILIZER>
<CRACKED WINDSHIELD, HAS CAUSE, COWLING>
<CRACKED WINDSHIELD, HAS CAUSE, DENTED STABILIZER>
<CRACKED WINDSHIELD, HAS CAUSE, COWLING>
<CRACKED WINDSHIELD, HAS CAUSE, DENTED STABILIZER>
<CRACKED WINDSHIELD, HAS CAUSE, COWLING>
<CRACKED WINDSHIELD, HAS CAUSE, DENTED STABILIZER>","<LOOSE COWLING, HAS EFFECT, CRACKED WINDSHIELD>
<LOOSE COWLING, HAS EFFECT, DENTED STABILIZER>
<CRACKED WINDSHIELD, EVENT DISTANCE, TAKEOFF>
<CRACKED WINDSHIELD, EVENT DISTANCE, RETURNING TO LAND>
<DENTED STABILIZER, EVENT DISTANCE, RETURNING TO LAND>","<CRACKED WINDSHIELD, HAS CAUSE, DENTED STABILIZER>
<CRACKED WINDSHIELD, HAS CAUSE, COWLING>
<CRACKED WINDSHIELD, HAS CAUSE, DENTED STABILIZER>
<CRACKED WINDSHIELD, HAS CAUSE, COWLING>
<CRACKED WINDSHIELD, HAS CAUSE, DENTED STABILIZER>
<CRACKED WINDSHIELD, HAS CAUSE, COWLING>
<CRACKED WINDSHIELD, HAS CAUSE, DENTED STABILIZER>
<CRACKED WINDSHIELD, HAS CAUSE, COWLING>
<CRACKED WINDSHIELD, HAS CAUSE, DENTED STABILIZER>
<CRACKED WINDSHIELD, HAS CAUSE, COWLING>
<CRACKED WINDSHIELD, HAS CAUSE, DENTED STABILIZER>
<CRACKED WINDSHIELD, HAS CAUSE, COWLING>
<CRACKED WINDSHIELD, HAS CAUSE, DENTED STABILIZER>"
AIRCRAFT POPPED OPEN ON DESCENT. FLIGHT MANUAL FLEW OUT AND STRUCK TRUCK WINDSHIELD ON GROUND. LANDED SAFELY.      ,"<AIRCRAFT, POPPED OPEN, DESCENT>
<FLIGHT MANUAL, FLEW OUT, GROUND>
<FLIGHT MANUAL, HAS EFFECT, TRUCK WINDSHIELD>
<LANDED, EVENT DISTANCE, GROUND>
<LANDED, HAS EFFECT, SAFELY>","<FLIGHT MANUAL, USED BY, AIRCRAFT>
<FLIGHT MANUAL, EVENT DISTANCE, STRUCK TRUCK WINDSHIELD ON GROUND>
<FLIGHT MANUAL, EVENT DISTANCE, LANDED SAFELY>","<AIRCRAFT, POPPED OPEN, DESCENT>
<FLIGHT MANUAL, FLEW OUT, GROUND>
<FLIGHT MANUAL, HAS EFFECT, TRUCK WINDSHIELD>
<LANDED, EVENT DISTANCE, GROUND>
<LANDED, HAS EFFECT, SAFELY>","<FLIGHT MANUAL, USED BY, AIRCRAFT>
<FLIGHT MANUAL, EVENT DISTANCE, STRUCK TRUCK WINDSHIELD ON GROUND>
<FLIGHT MANUAL, EVENT DISTANCE, LANDED SAFELY>"
NR2 ENGINE FIRE WHILE LOADING PASSENGERS AT GATE. EVACUATED. FUEL LEVER WAS IN FLIGHT IDLE. CUT OFF. SMOKE CLEARED.,"<NR2 ENGINE FIRE, HAS CAUSE, LOADING PASSENGERS>
<NR2 ENGINE FIRE, LOCATION, GATE>
<FUEL LEVER, INSTANCE OF, FLIGHT IDLE>
<FUEL LEVER, CUT OFF, NR2 ENGINE FIRE>
<SMOKE, HAS EFFECT, NR2 ENGINE FIRE>","<ENGINE FIRE, EVENT DISTANCE, LOADING PASSENGERS AT GATE>
<ENGINE FIRE, HAS EFFECT, SMOKE CLEARED>
<ENGINE FIRE, HAS EFFECT, FUEL LEVER WAS IN FLIGHT IDLE>
<ENGINE FIRE, HAS EFFECT, CUT OFF>","<NR2 ENGINE FIRE, HAS CAUSE, LOADING PASSENGERS>
<NR2 ENGINE FIRE, LOCATION, GATE>
<FUEL LEVER, INSTANCE OF, FLIGHT IDLE>
<FUEL LEVER, CUT OFF, NR2 ENGINE FIRE>
<SMOKE, HAS EFFECT, NR2 ENGINE FIRE>","<ENGINE FIRE, EVENT DISTANCE, LOADING PASSENGERS AT GATE>
<ENGINE FIRE, HAS EFFECT, SMOKE CLEARED>
<ENGINE FIRE, HAS EFFECT, FUEL LEVER WAS IN FLIGHT IDLE>
<ENGINE FIRE, HAS EFFECT, CUT OFF>"
AFTER DEPARTING HIGH OIL TEMP. LANDED OFF AIRPOR. SHEARED MAIN GEAR. FOUND LOW ON OIL.                             ,"<HIGH OIL TEMP., HAS CAUSE, SHEARED MAIN GEAR>
<SHEARED MAIN GEAR, LOCATION, AIRPOR>
<SHEARED MAIN GEAR, HAS EFFECT, FOUND LOW ON OIL>","<HELICOPTER, EVENT DISTANCE, HIGH OIL TEMP>
<HELICOPTER, EVENT DISTANCE, AIRPORT>
<HELICOPTER, EVENT DISTANCE, MAIN GEAR>
<HELICOPTER, EVENT DISTANCE, OIL>
<HELICOPTER, EVENT DISTANCE, LOW OIL>","<HIGH OIL TEMP., HAS CAUSE, SHEARED MAIN GEAR>
<SHEARED MAIN GEAR, LOCATION, AIRPOR>
<SHEARED MAIN GEAR, HAS EFFECT, FOUND LOW ON OIL>","<HELICOPTER, EVENT DISTANCE, HIGH OIL TEMP>
<HELICOPTER, EVENT DISTANCE, AIRPORT>
<HELICOPTER, EVENT DISTANCE, MAIN GEAR>
<HELICOPTER, EVENT DISTANCE, OIL>
<HELICOPTER, EVENT DISTANCE, LOW OIL>"
BATTERY COMPARTMENT DOOR CAME OPEN. ANTENNA CRACKED WINDSHIELD.                                                    ,"<BATTERY COMPARTMENT DOOR, EVENT DISTANCE, OPEN>
<ANTENNA, HAS EFFECT, CRACKED>
<WINDSHIELD, HAS EFFECT, CRACKED>","<BATTERY COMPARTMENT DOOR, EVENT DISTANCE, CAME OPEN>
<ANTENNA, EVENT DISTANCE, CRACKED>
<WINDSHIELD, EVENT DISTANCE, CRACKED>","<BATTERY COMPARTMENT DOOR, EVENT DISTANCE, OPEN>
<ANTENNA, HAS EFFECT, CRACKED>
<WINDSHIELD, HAS EFFECT, CRACKED>","<BATTERY COMPARTMENT DOOR, EVENT DISTANCE, CAME OPEN>
<ANTENNA, EVENT DISTANCE, CRACKED>
<WINDSHIELD, EVENT DISTANCE, CRACKED>"
RETURNED WHEN NOSE GEAR FAILED TO RETRACT. FOUND THAT PIN HAD NOT BEEN REMOVED AFTER PREVIOUS MAINTENANCE.         ,"<NOSE GEAR, HAS EFFECT, FAILED TO RETRACT>
<PIN, HAS EFFECT, NOT BEEN REMOVED>
<MAINTENANCE, FOLLOWED BY, FOUND THAT PIN HAD NOT BEEN REMOVED>","<RETURNED, EVENT DISTANCE, NOSE GEAR FAILED TO RETRACT>
<RETURNED, EVENT DISTANCE, PIN HAD NOT BEEN REMOVED AFTER PREVIOUS MAINTENANCE>
<RETURNED, EVENT DISTANCE, NOSE GEAR FAILED TO RETRACT>
<RETURNED, EVENT DISTANCE, PIN HAD NOT BEEN REMOVED AFTER PREVIOUS MAINTENANCE>","<NOSE GEAR, HAS EFFECT, FAILED TO RETRACT>
<PIN, HAS EFFECT, NOT BEEN REMOVED>
<MAINTENANCE, FOLLOWED BY, FOUND THAT PIN HAD NOT BEEN REMOVED>","<RETURNED, EVENT DISTANCE, NOSE GEAR FAILED TO RETRACT>
<RETURNED, EVENT DISTANCE, PIN HAD NOT BEEN REMOVED AFTER PREVIOUS MAINTENANCE>
<RETURNED, EVENT DISTANCE, NOSE GEAR FAILED TO RETRACT>
<RETURNED, EVENT DISTANCE, PIN HAD NOT BEEN REMOVED AFTER PREVIOUS MAINTENANCE>"
GROUND STAND BAGGAGE CART WITH INOPERATIVE BRAKES ROLLED INTO SIDE OF PARKED AIRCRAFT. 9 INCH TEAR IN FUSELAGE.    ,"<BAGGAGE CART, HAS EFFECT, INOPERATIVE BRAKES>
<BAGGAGE CART, PART OF, PARKED AIRCRAFT>
<FUSELAGE, HAS EFFECT, 9 INCH TEAR>","<GROUND STAND BAGGAGE CART, HAS CAUSE, 9 INCH TEAR IN FUSELAGE>
<GROUND STAND BAGGAGE CART, HAS CAUSE, ROLLED INTO SIDE OF PARKED AIRCRAFT>
<9 INCH TEAR IN FUSELAGE, EVENT DISTANCE, ROLLED INTO SIDE OF PARKED AIRCRAFT>
<9 INCH TEAR IN FUSELAGE, EVENT DISTANCE, GROUND STAND BAGGAGE CART>","<BAGGAGE CART, HAS EFFECT, INOPERATIVE BRAKES>
<BAGGAGE CART, PART OF, PARKED AIRCRAFT>
<FUSELAGE, HAS EFFECT, 9 INCH TEAR>","<GROUND STAND BAGGAGE CART, HAS CAUSE, 9 INCH TEAR IN FUSELAGE>
<GROUND STAND BAGGAGE CART, HAS CAUSE, ROLLED INTO SIDE OF PARKED AIRCRAFT>
<9 INCH TEAR IN FUSELAGE, EVENT DISTANCE, ROLLED INTO SIDE OF PARKED AIRCRAFT>
<9 INCH TEAR IN FUSELAGE, EVENT DISTANCE, GROUND STAND BAGGAGE CART>"
(-23)NORTHWEST AIRLINES DC-10 BOEING PUSHED BACK FOR REPOSITIONING OFF OF GATE B-52 STRUCK A CONTINENTAL AIRLINES D,"<NORTHWEST AIRLINES DC-10, INSTANCE OF, DC-10>
<DC-10, USED BY, NORTHWEST AIRLINES>
<DC-10, LOCATION, GATE B-52>
<CONTINENTAL AIRLINES, INFLUENCED BY, DC-10>","<(-23)NORTHWEST AIRLINES, USED BY, DC-10 BOEING>
<(-23)NORTHWEST AIRLINES, USED BY, D>
<(-23)NORTHWEST AIRLINES, LOCATION, GATE B-52>
<CONTINENTAL AIRLINES, LOCATION, GATE B-52>
<DC-10 BOEING, HAS CAUSE, STRUCK A CONTINENTAL AIRLINES D>
<DC-10 BOEING, HAS EFFECT, REPOSITIONING OFF OF GATE B-52>
<DC-10 BOEING, PART OF, (-23)NORTHWEST AIRLINES>","<NORTHWEST AIRLINES DC-10, INSTANCE OF, DC-10>
<DC-10, USED BY, NORTHWEST AIRLINES>
<DC-10, LOCATION, GATE B-52>
<CONTINENTAL AIRLINES, INFLUENCED BY, DC-10>","<(-23)NORTHWEST AIRLINES, USED BY, DC-10 BOEING>
<(-23)NORTHWEST AIRLINES, USED BY, D>
<(-23)NORTHWEST AIRLINES, LOCATION, GATE B-52>
<CONTINENTAL AIRLINES, LOCATION, GATE B-52>
<DC-10 BOEING, HAS CAUSE, STRUCK A CONTINENTAL AIRLINES D>
<DC-10 BOEING, HAS EFFECT, REPOSITIONING OFF OF GATE B-52>
<DC-10 BOEING, PART OF, (-23)NORTHWEST AIRLINES>"
ENGINE OVERHEAT. HOT OIL SMELL.KNEW HE HAD FAILED TO REMOVE AIR INTAKE PLUGS. NOSED OVER IN FURROWS PLOWED FAILED  ,"<ENGINE OVERHEAT, HAS CAUSE, HOT OIL SMELL>
<HOT OIL SMELL, HAS CAUSE, KNEW HE HAD FAILED TO REMOVE AIR INTAKE PLUGS>
<NOSED OVER IN FURROWS, INSTANCE OF, FAILED>
<PLOWED, PART OF, FAILED>","<ENGINE OVERHEAT, HAS CAUSE, HOT OIL SMELL>
<FAILURE TO REMOVE AIR INTAKE PLUGS, HAS CAUSE, NOSED OVER IN FURROWS PLOWED>
<FAILURE TO REMOVE AIR INTAKE PLUGS, HAS EFFECT, ENGINE OVERHEAT>","<ENGINE OVERHEAT, HAS CAUSE, HOT OIL SMELL>
<HOT OIL SMELL, HAS CAUSE, KNEW HE HAD FAILED TO REMOVE AIR INTAKE PLUGS>
<NOSED OVER IN FURROWS, INSTANCE OF, FAILED>
<PLOWED, PART OF, FAILED>","<ENGINE OVERHEAT, HAS CAUSE, HOT OIL SMELL>
<FAILURE TO REMOVE AIR INTAKE PLUGS, HAS CAUSE, NOSED OVER IN FURROWS PLOWED>
<FAILURE TO REMOVE AIR INTAKE PLUGS, HAS EFFECT, ENGINE OVERHEAT>"
PILOT UNABLE TO PRESSURIZE. FOUND ACCESS DOOR SLIGHTLY OPEN. DEPRESSURIZED. DOOR OPENED FULLY. STOPPED BY FUSELAGE.,"<PILOT, USED BY, PRESSURIZE>
<ACCESS DOOR, INSTANCE OF, OPEN>
<DEPRESSURIZED, HAS EFFECT, DOOR OPENED FULLY>
<DOOR OPENED FULLY, HAS EFFECT, STOPPED BY FUSELAGE>","<PILOT, CAUSE, UNABLE TO PRESSURIZE>
<PILOT, CAUSE, DOOR SLIGHTLY OPEN>
<PILOT, CAUSE, DEPRESSURIZED>
<PILOT, CAUSE, DOOR OPENED FULLY>
<PILOT, CAUSE, STOPPED BY FUSELAGE>","<PILOT, USED BY, PRESSURIZE>
<ACCESS DOOR, INSTANCE OF, OPEN>
<DEPRESSURIZED, HAS EFFECT, DOOR OPENED FULLY>
<DOOR OPENED FULLY, HAS EFFECT, STOPPED BY FUSELAGE>","<PILOT, CAUSE, UNABLE TO PRESSURIZE>
<PILOT, CAUSE, DOOR SLIGHTLY OPEN>
<PILOT, CAUSE, DEPRESSURIZED>
<PILOT, CAUSE, DOOR OPENED FULLY>
<PILOT, CAUSE, STOPPED BY FUSELAGE>"
VEERED OFF RUNWAY ON LANDING.  HIT PARKED AIRPLANE.  NEWLY INSTALLED CARPETING RESTRICTED RUDDER PEDAL MOVEMENT.   ,"<LANDING, HAS CAUSE, VEERED OFF RUNWAY>
<VEERED OFF RUNWAY, HAS EFFECT, HIT PARKED AIRPLANE>
<CARPETING, RESTRICTED, RUDDER PEDAL MOVEMENT>","<VEERED OFF RUNWAY, EVENT DISTANCE, HITTED PARKED AIRPLANE>
<NEWLY INSTALLED CARPETING, HAS EFFECT, RUDDER PEDAL MOVEMENT>","<LANDING, HAS CAUSE, VEERED OFF RUNWAY>
<VEERED OFF RUNWAY, HAS EFFECT, HIT PARKED AIRPLANE>
<CARPETING, RESTRICTED, RUDDER PEDAL MOVEMENT>","<VEERED OFF RUNWAY, EVENT DISTANCE, HITTED PARKED AIRPLANE>
<NEWLY INSTALLED CARPETING, HAS EFFECT, RUDDER PEDAL MOVEMENT>"
VEERED OFF TAXIWAY. STRUCK TAXIWAY LIGHT. WAS ADVISED DAMAGED PROP. CONTINUED TO LIT.                              ,"<TAXIMAY, LOCATION, TAXIWAY>
<TAXIMAY, HAS CAUSE, DAMAGED PROP>
<DAMAGED PROP, HAS EFFECT, TAXIWAY LIGHT>
<TAXIMAY, FOLLOWED BY, WAS ADVISED>","<VEERED OFF, RESULT IN, STRUCK TAXIWAY LIGHT>
<VEERED OFF, RESULT IN, WAS ADVISED DAMAGED PROP>
<VEERED OFF, RESULT IN, CONTINUED TO LIT>","<TAXIMAY, LOCATION, TAXIWAY>
<TAXIMAY, HAS CAUSE, DAMAGED PROP>
<DAMAGED PROP, HAS EFFECT, TAXIWAY LIGHT>
<TAXIMAY, FOLLOWED BY, WAS ADVISED>","<VEERED OFF, RESULT IN, STRUCK TAXIWAY LIGHT>
<VEERED OFF, RESULT IN, WAS ADVISED DAMAGED PROP>
<VEERED OFF, RESULT IN, CONTINUED TO LIT>"
FUEL CAP MISSING FROM RIGHT TANK AND GAS ESCAPING WHILE TAXIING. REPLACED CAP. RESUMED FLIGHT WITHOUT CLEANING WING,"<FUEL CAP, MISSING FROM, RIGHT TANK>
<GAS, HAS EFFECT, ESCAPING>
<FUEL CAP, REPLACED BY, FUEL CAP>
<FLIGHT, FOLLOWED BY, RESUMED FLIGHT>","<FUEL CAP, MISSING FROM, RIGHT TANK>
<FUEL CAP, REPLACED BY, REPLACEMENT>
<FUEL CAP, HAS CAUSE, GAS ESCAPING>
<FLIGHT, RESUMED, WITHOUT CLEANING WING>
<FLIGHT, EVENT DISTANCE, TAXIING>","<FUEL CAP, MISSING FROM, RIGHT TANK>
<GAS, HAS EFFECT, ESCAPING>
<FUEL CAP, REPLACED BY, FUEL CAP>
<FLIGHT, FOLLOWED BY, RESUMED FLIGHT>","<FUEL CAP, MISSING FROM, RIGHT TANK>
<FUEL CAP, REPLACED BY, REPLACEMENT>
<FUEL CAP, HAS CAUSE, GAS ESCAPING>
<FLIGHT, RESUMED, WITHOUT CLEANING WING>
<FLIGHT, EVENT DISTANCE, TAXIING>"
"(-23) ON JULY 13, 2005, AT 1535 MST, AN RAYTHEON AIRCRAFT CO. B36TC (BONANZA), N3042V REGISTERED TO HAVENS LEASING ","<RAYTHEON AIRCRAFT CO. B36TC, INSTANCE OF, AIRCRAFT>
<HAVENS LEASING, REGISTERED TO, B36TC>
<JULY 13, 2005, TIME PERIOD, 2005>
<1535 MST, TIME PERIOD, 2005>","<AN RAYTHEON AIRCRAFT CO. B36TC (BONANZA), EVENT DISTANCE, -23>
<AN RAYTHEON AIRCRAFT CO. B36TC (BONANZA), TIME PERIOD, JULY 13, 2005>
<AN RAYTHEON AIRCRAFT CO. B36TC (BONANZA), LOCATION, HAVENS LEASING>","<RAYTHEON AIRCRAFT CO. B36TC, INSTANCE OF, AIRCRAFT>
<HAVENS LEASING, REGISTERED TO, B36TC>
<JULY 13, 2005, TIME PERIOD, 2005>
<1535 MST, TIME PERIOD, 2005>","<AN RAYTHEON AIRCRAFT CO. B36TC (BONANZA), EVENT DISTANCE, -23>
<AN RAYTHEON AIRCRAFT CO. B36TC (BONANZA), TIME PERIOD, JULY 13, 2005>
<AN RAYTHEON AIRCRAFT CO. B36TC (BONANZA), LOCATION, HAVENS LEASING>"
THE ENGINE LOST POWER ON TAKEOFF AND THE AIRCRAFT FLIPPED ON LANDING.PILOT HAD JUST FILLED TANKS. WATER IN FUEL.   ,"<ENGINE, HAS CAUSE, LOST POWER ON TAKEOFF>
<AIRCRAFT, HAS EFFECT, FLIPPED ON LANDING>
<PILOT, USED BY, TANKS>
<PILOT, USED BY, FUEL>","<ENGINE, HAS CAUSE, LOST POWER ON TAKEOFF>
<ENGINE, HAS CAUSE, FLIPPED ON LANDING>
<TANKS, USED BY, PILOT>
<FUEL, HAS EFFECT, WATER IN FUEL>","<ENGINE, HAS CAUSE, LOST POWER ON TAKEOFF>
<AIRCRAFT, HAS EFFECT, FLIPPED ON LANDING>
<PILOT, USED BY, TANKS>
<PILOT, USED BY, FUEL>","<ENGINE, HAS CAUSE, LOST POWER ON TAKEOFF>
<ENGINE, HAS CAUSE, FLIPPED ON LANDING>
<TANKS, USED BY, PILOT>
<FUEL, HAS EFFECT, WATER IN FUEL>"
ENGINE FAILED AFTER TAKEOFF. TRIED TO MAKE A ROAD BUT DRIFTED OFF THE EDGE. FOUND SOLID ICE IN CARBURETOR BOWL.    ,"<ENGINE, HAS CAUSE, TAKEOFF>
<ENGINE, HAS EFFECT, DRIFTED OFF THE EDGE>
<CARBURETOR BOWL, LOCATION, ICE>","<ENGINE, HAS CAUSE, TAKEOFF>
<ENGINE, HAS CAUSE, DRIFTED OFF THE EDGE>
<ENGINE, HAS CAUSE, CARBURETOR BOWL>","<ENGINE, HAS CAUSE, TAKEOFF>
<ENGINE, HAS EFFECT, DRIFTED OFF THE EDGE>
<CARBURETOR BOWL, LOCATION, ICE>","<ENGINE, HAS CAUSE, TAKEOFF>
<ENGINE, HAS CAUSE, DRIFTED OFF THE EDGE>
<ENGINE, HAS CAUSE, CARBURETOR BOWL>"
LOST CONTROL ON CLIMBOUT AFTER TOW RELEASE. ROLLED BOTH WAYS. SPIRAL TO IMPACT. NEGLECTED TO CONNECT RIGHT AILERON.,"<LOST CONTROL, HAS CAUSE, NEGLECTED TO CONNECT RIGHT AILERON>
<LOST CONTROL, EVENT DISTANCE, CLIMBOUT>
<LOST CONTROL, HAS EFFECT, SPIRAL TO IMPACT>
<SPIRAL TO IMPACT, EVENT DISTANCE, AFTER TOW RELEASE>
<LOST CONTROL, FOLLOWED BY, ROLLED BOTH WAYS>","<LOST CONTROL, EVENT DISTANCE, CLIMBOUT>
<LAST EVENT, SPIRAL TO IMPACT>
<NEGLECTED TO CONNECT, RIGHT AILERON>","<LOST CONTROL, HAS CAUSE, NEGLECTED TO CONNECT RIGHT AILERON>
<LOST CONTROL, EVENT DISTANCE, CLIMBOUT>
<LOST CONTROL, HAS EFFECT, SPIRAL TO IMPACT>
<SPIRAL TO IMPACT, EVENT DISTANCE, AFTER TOW RELEASE>
<LOST CONTROL, FOLLOWED BY, ROLLED BOTH WAYS>","<LOST CONTROL, EVENT DISTANCE, CLIMBOUT>
<LAST EVENT, SPIRAL TO IMPACT>
<NEGLECTED TO CONNECT, RIGHT AILERON>"
NARRATIVE: THE AIRCRAFT WAS BEING FERRIED FOR MAINTENANCE. THE GEAR BLOCKED DOWN AND THE NOSE BLOCK FELL OUT DURING,"<AIRCRAFT, BEING FERRIED FOR, MAINTENANCE>
<GEAR, BLOCKED DOWN, AIRCRAFT>
<NOSE BLOCK, FELL OUT, AIRCRAFT>","<THE AIRCRAFT, MAINTAINED BY, MAINTENANCE>
<THE AIRCRAFT, EVENT DISTANCE, GEAR BLOCKED DOWN>
<THE AIRCRAFT, EVENT DISTANCE, NOSE BLOCK FELL OUT>","<AIRCRAFT, BEING FERRIED FOR, MAINTENANCE>
<GEAR, BLOCKED DOWN, AIRCRAFT>
<NOSE BLOCK, FELL OUT, AIRCRAFT>","<THE AIRCRAFT, MAINTAINED BY, MAINTENANCE>
<THE AIRCRAFT, EVENT DISTANCE, GEAR BLOCKED DOWN>
<THE AIRCRAFT, EVENT DISTANCE, NOSE BLOCK FELL OUT>"
FAILED TO DETACH TRAILER TIE DOWN FROM SKID. LOST CONTROL AND ROLLED ON LIFT OFF. (-23) PILOT FAILED TO FULLY DETAC,"<TRAILER TIE DOWN, FAILED TO DETACH FROM, SKID>
<PILOT, FAILED TO DETACH, TRAILER TIE DOWN>
<ROLLING, HAS CAUSE, LOST CONTROL>
<EVENT DISTANCE, -23, PILOT>","<LOST CONTROL, HAS EFFECT, ROLLED ON LIFT OFF>
<LOST CONTROL, HAS EFFECT, FAILED TO DETACH TRAILER TIE DOWN>
<LOST CONTROL, HAS EFFECT, (-23)>
<LOST CONTROL, HAS EFFECT, PILOT>
<LOST CONTROL, HAS EFFECT, FAILED TO FULLY DETAC>","<TRAILER TIE DOWN, FAILED TO DETACH FROM, SKID>
<PILOT, FAILED TO DETACH, TRAILER TIE DOWN>
<ROLLING, HAS CAUSE, LOST CONTROL>
<EVENT DISTANCE, -23, PILOT>","<LOST CONTROL, HAS EFFECT, ROLLED ON LIFT OFF>
<LOST CONTROL, HAS EFFECT, FAILED TO DETACH TRAILER TIE DOWN>
<LOST CONTROL, HAS EFFECT, (-23)>
<LOST CONTROL, HAS EFFECT, PILOT>
<LOST CONTROL, HAS EFFECT, FAILED TO FULLY DETAC>"
AIRCRAFT FAILED TO LIFTOFF RUNWAY. RAN OFF END INTO SNOW BANK. FROST ON AIRFRAME.                                  ,"<AIRCRAFT, HAS CAUSE, FAILED TO LIFTOFF RUNWAY>
<AIRCRAFT, HAS EFFECT, RAN OFF END INTO SNOW BANK>
<AIRCRAFT, HAS EFFECT, FROST ON AIRFRAME>","<FAILURE TO LIFTOFF, CAUSE, RAN OFF END INTO SNOW BANK>
<FAILURE TO LIFTOFF, CAUSE, FROST ON AIRFRAME>
<FAILURE TO LIFTOFF, LOCATION, RUNWAY>","<AIRCRAFT, HAS CAUSE, FAILED TO LIFTOFF RUNWAY>
<AIRCRAFT, HAS EFFECT, RAN OFF END INTO SNOW BANK>
<AIRCRAFT, HAS EFFECT, FROST ON AIRFRAME>","<FAILURE TO LIFTOFF, CAUSE, RAN OFF END INTO SNOW BANK>
<FAILURE TO LIFTOFF, CAUSE, FROST ON AIRFRAME>
<FAILURE TO LIFTOFF, LOCATION, RUNWAY>"
ENGINE POWER FAILURE WHILE DOING AEROBATICS. LANDED IN FIELD. PILOT DID NOT VISUALLY INSPECT FUEL TANKS.           ,"<ENGINE POWER FAILURE, HAS CAUSE, LANDED IN FIELD>
<LANDED IN FIELD, EVENT DISTANCE, AEROBATICS>
<PILOT, USED BY, DID NOT VISUALLY INSPECT FUEL TANKS>","<ENGINE POWER FAILURE, EVENT DISTANCE, AEROBATICS>
<ENGINE POWER FAILURE, LOCATION, FIELD>
<PILOT, ACTION, DID NOT VISUALLY INSPECT FUEL TANKS>","<ENGINE POWER FAILURE, HAS CAUSE, LANDED IN FIELD>
<LANDED IN FIELD, EVENT DISTANCE, AEROBATICS>
<PILOT, USED BY, DID NOT VISUALLY INSPECT FUEL TANKS>","<ENGINE POWER FAILURE, EVENT DISTANCE, AEROBATICS>
<ENGINE POWER FAILURE, LOCATION, FIELD>
<PILOT, ACTION, DID NOT VISUALLY INSPECT FUEL TANKS>"
ABORTED TAKEOFF WHEN FRONT BAGGAGE DOOR POPPED OPEN.                                                               ,"<ABORTED TAKEOFF, HAS CAUSE, FRONT BAGGAGE DOOR POPPED OPEN>","<ABORTED TAKEOFF, CAUSED BY, FRONT BAGGAGE DOOR POPPED OPEN>","<ABORTED TAKEOFF, HAS CAUSE, FRONT BAGGAGE DOOR POPPED OPEN>","<ABORTED TAKEOFF, CAUSED BY, FRONT BAGGAGE DOOR POPPED OPEN>"
PILOT TAXIED INTO UNMARKED DITCH AT END OF TAXIWAY.                                                                ,"<PILOT, USED BY, TAXI>
<PILOT, FOLLOWED BY, TAXIED>
<TAXIED, EVENT DISTANCE, UNMARKED DITCH>
<TAXIED, LOCATION, TAXIWAY>","<PILOT, EVENT DISTANCE, UNMARKED DITCH>
<PILOT, EVENT DISTANCE, END OF TAXIWAY>","<PILOT, USED BY, TAXI>
<PILOT, FOLLOWED BY, TAXIED>
<TAXIED, EVENT DISTANCE, UNMARKED DITCH>
<TAXIED, LOCATION, TAXIWAY>","<PILOT, EVENT DISTANCE, UNMARKED DITCH>
<PILOT, EVENT DISTANCE, END OF TAXIWAY>"
UNABLE TO STAY AIRBORNE ON TAKEOFF. ABORTED AND GROUND LOOPED INTO A TREE TO AVOID OVERRUN. MAG SWITCH ON ONE MAG. ,"<TAKEOFF, HAS CAUSE, UNABLE TO STAY AIRBORNE>
<ABORTED, INSTANCE OF, GROUND LOOP>
<GROUND LOOP, LOCATION, TREE>
<MAG SWITCH, PART OF, MAG>","<TAKEOFF, EVENT DISTANCE, ABORTED>
<TAKEOFF, EVENT DISTANCE, GROUND LOOPED INTO A TREE>
<TAKEOFF, EVENT DISTANCE, MAG SWITCH ON ONE MAG>
<TAKEOFF, EVENT DISTANCE, ABORTED>
<TAKEOFF, EVENT DISTANCE, GROUND LOOPED INTO A TREE>
<TAKEOFF, EVENT DISTANCE, MAG SWITCH ON ONE MAG>","<TAKEOFF, HAS CAUSE, UNABLE TO STAY AIRBORNE>
<ABORTED, INSTANCE OF, GROUND LOOP>
<GROUND LOOP, LOCATION, TREE>
<MAG SWITCH, PART OF, MAG>","<TAKEOFF, EVENT DISTANCE, ABORTED>
<TAKEOFF, EVENT DISTANCE, GROUND LOOPED INTO A TREE>
<TAKEOFF, EVENT DISTANCE, MAG SWITCH ON ONE MAG>
<TAKEOFF, EVENT DISTANCE, ABORTED>
<TAKEOFF, EVENT DISTANCE, GROUND LOOPED INTO A TREE>
<TAKEOFF, EVENT DISTANCE, MAG SWITCH ON ONE MAG>"
(-23) ACCORDING TO THE PILOT HE DEPARTED FRONT RANGE AIRPORT DURING THE HOURS OF DARKNESS. DURING THE START AND RUN,"<PILOT, DEPARTED FROM, FRONT RANGE AIRPORT>
<DEPARTURE, TIME PERIOD, HOURS OF DARKNESS>
<START, PART OF, RUN>","<DEPARTURE, LOCATION, FRONT RANGE AIRPORT>","<PILOT, DEPARTED FROM, FRONT RANGE AIRPORT>
<DEPARTURE, TIME PERIOD, HOURS OF DARKNESS>
<START, PART OF, RUN>","<DEPARTURE, LOCATION, FRONT RANGE AIRPORT>"
NOSE GEAR WOULD NOT RETRACT AFTER TAKEOFF. RETURNED AND FOUND PIN WAS INSTALLED.                                   ,"<NOSE GEAR, INSTANCE OF, PIN>
<NOSE GEAR, HAS CAUSE, PIN>","<NOSE GEAR, CONDITION, NOT RETRACTED AFTER TAKEOFF>
<NOSE GEAR, ACTION, INSTALLED>
<NOSE GEAR, ACTION, RETURNED>","<NOSE GEAR, INSTANCE OF, PIN>
<NOSE GEAR, HAS CAUSE, PIN>","<NOSE GEAR, CONDITION, NOT RETRACTED AFTER TAKEOFF>
<NOSE GEAR, ACTION, INSTALLED>
<NOSE GEAR, ACTION, RETURNED>"
"(-23) A SIKORSKY S-70A, N160LA, ENCOUNTERED A VIBRATION AFTER THE APU DOOR STRUCK A MAIN ROTOR BLADE INFLIGHT NEAR ","<SIKORSKY S-70A, INSTANCE OF, N160LA>
<VIBRATION, HAS CAUSE, APU DOOR STRUCK A MAIN ROTOR BLADE>
<VIBRATION, EVENT DISTANCE, INFLIGHT>
<VIBRATION, LOCATION, NEAR>",,"<SIKORSKY S-70A, INSTANCE OF, N160LA>
<VIBRATION, HAS CAUSE, APU DOOR STRUCK A MAIN ROTOR BLADE>
<VIBRATION, EVENT DISTANCE, INFLIGHT>
<VIBRATION, LOCATION, NEAR>",
(-23) THE PILOT WAS TAXIING THE AIRCRAFT TO PARKING FOLLOWING A CARGO TRIP. UPON REACHING A POINT WHERE THE TAXIWAY,"<PILOT, USED BY, AIRCRAFT>
<AIRCRAFT, FOLLOWED BY, CARGO TRIP>
<AIRCRAFT, LOCATION, TAXIWAY>","<TAXIING, FOLLOWED BY, PARKING>
<CARGO TRIP, EVENT DISTANCE, TAXIING>","<PILOT, USED BY, AIRCRAFT>
<AIRCRAFT, FOLLOWED BY, CARGO TRIP>
<AIRCRAFT, LOCATION, TAXIWAY>","<TAXIING, FOLLOWED BY, PARKING>
<CARGO TRIP, EVENT DISTANCE, TAXIING>"
AFTER LANDING IT WAS DETERMINED THERE WAS INSUFFICIENT NUMBER OF SEATS AND OXYGEN MASKS FOR PASSENGERS ONBOARD.    ,"<LANDING, FOLLOWED BY, DETERMINATION>
<DETERMINATION, HAS EFFECT, INSUFFICIENT NUMBER OF SEATS>
<DETERMINATION, HAS EFFECT, OXYGEN MASKS>
<PASSENGERS ONBOARD, LOCATION, ONBOARD>","<LANDING, EVENT DISTANCE, INSUFFICIENT NUMBER OF SEATS>
<LANDING, EVENT DISTANCE, INSUFFICIENT NUMBER OF OXYGEN MASKS>","<LANDING, FOLLOWED BY, DETERMINATION>
<DETERMINATION, HAS EFFECT, INSUFFICIENT NUMBER OF SEATS>
<DETERMINATION, HAS EFFECT, OXYGEN MASKS>
<PASSENGERS ONBOARD, LOCATION, ONBOARD>","<LANDING, EVENT DISTANCE, INSUFFICIENT NUMBER OF SEATS>
<LANDING, EVENT DISTANCE, INSUFFICIENT NUMBER OF OXYGEN MASKS>"
NARRATIVE: THE CARGO DOOR WAS LATCHED BEFORE TAKEOFF BY MR. BOWEN. RUNWAY CONDITIONS AT STEVEN'S VILLAGE WAS EXTREM,"<CARGO DOOR, LATCHED BY, MR. BOWEN>
<RUNWAY CONDITIONS AT STEVEN’S VILLAGE, EVENT DISTANCE, UNKNOWN>","<CARGO DOOR, LATCHED BEFORE, TAKEOFF>
<RUNWAY CONDITIONS, LOCATION, STEVEN'S VILLAGE>","<CARGO DOOR, LATCHED BY, MR. BOWEN>
<RUNWAY CONDITIONS AT STEVEN’S VILLAGE, EVENT DISTANCE, UNKNOWN>","<CARGO DOOR, LATCHED BEFORE, TAKEOFF>
<RUNWAY CONDITIONS, LOCATION, STEVEN'S VILLAGE>"
TIRED TAXI WITH TIEDOWN CHAINS ATTACHE. ROLLED OVER. PILOT FAILED NOTE RAMP PERSON TIED SKIDS DUE HIGH WIND.       ,"<TIRED TAXI, INSTANCE OF, TAXI>
<TIRED TAXI, HAS EFFECT, ROLLED OVER>
<TIRED TAXI, FOLLOWED BY, PILOT FAILED NOTE>
<PILOT, USED BY, TAXI>
<TIRED TAXI, FOLLOWED BY, SKIDS>
<SKIDS, HAS CAUSE, HIGH WIND>","<TIEDOWN CHAINS, ATTACHED TO, TIRED TAXI>
<TIEDOWN CHAINS, ATTACHED TO, ROLLED OVER TIRED TAXI>
<PILOT, FAILED NOTE, RAMP PERSON TIED SKIDS DUE HIGH WIND>
<HIGH WIND, CAUSE, RAMP PERSON TIED SKIDS DUE>","<TIRED TAXI, INSTANCE OF, TAXI>
<TIRED TAXI, HAS EFFECT, ROLLED OVER>
<TIRED TAXI, FOLLOWED BY, PILOT FAILED NOTE>
<PILOT, USED BY, TAXI>
<TIRED TAXI, FOLLOWED BY, SKIDS>
<SKIDS, HAS CAUSE, HIGH WIND>","<TIEDOWN CHAINS, ATTACHED TO, TIRED TAXI>
<TIEDOWN CHAINS, ATTACHED TO, ROLLED OVER TIRED TAXI>
<PILOT, FAILED NOTE, RAMP PERSON TIED SKIDS DUE HIGH WIND>
<HIGH WIND, CAUSE, RAMP PERSON TIED SKIDS DUE>"
BAGGAGE CART WAS BLOWN INTO PARKED AIRCRAFT BY JET BLAST. BRAKES WERE INOPERATIVE ON CART.                         ,"<BAGGAGE CART, BLOWN INTO, PARKED AIRCRAFT>
<BAGGAGE CART, HAS CAUSE, JET BLAST>
<BRAKES, INOPERATIVE ON, CART>","<BAGGAGE CART, HAS CAUSE, JET BLAST>
<BRAKES, INOPERATIVE, BAGGAGE CART>
<BAKKAGE CART, EVENT DISTANCE, PARKED AIRCRAFT>","<BAGGAGE CART, BLOWN INTO, PARKED AIRCRAFT>
<BAGGAGE CART, HAS CAUSE, JET BLAST>
<BRAKES, INOPERATIVE ON, CART>","<BAGGAGE CART, HAS CAUSE, JET BLAST>
<BRAKES, INOPERATIVE, BAGGAGE CART>
<BAKKAGE CART, EVENT DISTANCE, PARKED AIRCRAFT>"
SUFFICIENT OPPORTUNITY EXISTED TO RELEASE WHEN GLIDER ASSUMED NOSE HIGH ATTITUDE.                                  ,"<GLIDER, INSTANCE OF, OPPORTUNITY>","<GLIDER, HAS EFFECT, NOSE HIGH ATTITUDE>","<GLIDER, INSTANCE OF, OPPORTUNITY>","<GLIDER, HAS EFFECT, NOSE HIGH ATTITUDE>"
(-23) ^PRIVACY DATA OMITTED^ HELICOPTER ENGINE POWER CHECKS WERE BEING CONDUCTED BY PILOT AND ONE CREWMEMBER. DURIN,"<HELICOPTER ENGINE POWER CHECKS, CONDUCTED BY, PILOT>
<HELICOPTER ENGINE POWER CHECKS, CONDUCTED BY, CREWMEMBER>","<HELICOPTER ENGINE POWER CHECKS, CONDUCTED BY, PILOT AND ONE CREWMEMBER>
<HELICOPTER ENGINE POWER CHECKS, EVENT DISTANCE, DURING>","<HELICOPTER ENGINE POWER CHECKS, CONDUCTED BY, PILOT>
<HELICOPTER ENGINE POWER CHECKS, CONDUCTED BY, CREWMEMBER>","<HELICOPTER ENGINE POWER CHECKS, CONDUCTED BY, PILOT AND ONE CREWMEMBER>
<HELICOPTER ENGINE POWER CHECKS, EVENT DISTANCE, DURING>"
PILOT LOST CONTROL OF AIRCRAFT ON TAKEOFF ROLL. PILOTS SEAT WAS NOT LOCKED IN POSITION AND SLID AFT ON ACCELARATION,"<PILOT, USED BY, AIRCRAFT>
<AIRCRAFT, HAS CAUSE, PILOT LOST CONTROL>
<PILOT LOST CONTROL, EVENT DISTANCE, TAKEOFF ROLL>
<PILOTS SEAT, INSTANCE OF, POSITION>
<PILOTS SEAT, HAS EFFECT, SLID AFT>
<SLID AFT, HAS CAUSE, ACCELERATION>","<PILOT, HAS CAUSE, LOST CONTROL OF AIRCRAFT ON TAKEOFF ROLL>
<PILOT, HAS CAUSE, PILOTS SEAT WAS NOT LOCKED IN POSITION>
<PILOT, HAS CAUSE, SLID AFT ON ACCELARATION>
<PILOTS SEAT, HAS CAUSE, NOT LOCKED IN POSITION>
<PILOTS SEAT, HAS CAUSE, SLID AFT ON ACCELARATION>
<SLID AFT ON ACCELARATION, HAS EFFECT, LOST CONTROL OF AIRCRAFT ON TAKEOFF ROLL>
<SLID AFT ON ACCELARATION, HAS EFFECT, PILOTS SEAT WAS NOT LOCKED IN POSITION>","<PILOT, USED BY, AIRCRAFT>
<AIRCRAFT, HAS CAUSE, PILOT LOST CONTROL>
<PILOT LOST CONTROL, EVENT DISTANCE, TAKEOFF ROLL>
<PILOTS SEAT, INSTANCE OF, POSITION>
<PILOTS SEAT, HAS EFFECT, SLID AFT>
<SLID AFT, HAS CAUSE, ACCELERATION>","<PILOT, HAS CAUSE, LOST CONTROL OF AIRCRAFT ON TAKEOFF ROLL>
<PILOT, HAS CAUSE, PILOTS SEAT WAS NOT LOCKED IN POSITION>
<PILOT, HAS CAUSE, SLID AFT ON ACCELARATION>
<PILOTS SEAT, HAS CAUSE, NOT LOCKED IN POSITION>
<PILOTS SEAT, HAS CAUSE, SLID AFT ON ACCELARATION>
<SLID AFT ON ACCELARATION, HAS EFFECT, LOST CONTROL OF AIRCRAFT ON TAKEOFF ROLL>
<SLID AFT ON ACCELARATION, HAS EFFECT, PILOTS SEAT WAS NOT LOCKED IN POSITION>"
"FLAT NOSE STRUT FAILED TO EXTEND BEFORE RETRACTION. IT CAUGHT ON AIRPLANE STRUCTURE, BROKE THE BELLCRANK. COLLAPSED","<FLAT NOSE STRUT, FAILED TO EXTEND, BEFORE RETRACTION>
<FLAT NOSE STRUT, CAUGHT ON, AIRPLANE STRUCTURE>
<BELLCRANK, BROKE BY, FLAT NOSE STRUT>
<COLLAPSED, HAS CAUSE, FLAT NOSE STRUT>","<FLAT NOSE STRUT, HAS CAUSE, BROKE THE BELLCRANK>
<FLAT NOSE STRUT, HAS CAUSE, COLLAPSED>
<FLAT NOSE STRUT, USED BY, AIRPLANE STRUCTURE>","<FLAT NOSE STRUT, FAILED TO EXTEND, BEFORE RETRACTION>
<FLAT NOSE STRUT, CAUGHT ON, AIRPLANE STRUCTURE>
<BELLCRANK, BROKE BY, FLAT NOSE STRUT>
<COLLAPSED, HAS CAUSE, FLAT NOSE STRUT>","<FLAT NOSE STRUT, HAS CAUSE, BROKE THE BELLCRANK>
<FLAT NOSE STRUT, HAS CAUSE, COLLAPSED>
<FLAT NOSE STRUT, USED BY, AIRPLANE STRUCTURE>"
LOST POWER ENROUTE. NOSED OVER LANDING ON A SLOPE. NO EVIDENCE OF FUEL AT SCENE. FAILED TO VISUALLY CHECK FUEL.. (.,"<LOST POWER, HAS EFFECT, NOSED OVER LANDING>
<NOSED OVER LANDING, LOCATION, SLOPE>
<FAILED TO VISUALLY CHECK FUEL, HAS CAUSE, FAILED TO VISUALLY CHECK FUEL>","<LOST POWER, NOSED OVER LANDING, SLOPE>
<NOSED OVER LANDING, NO EVIDENCE OF FUEL, SCENE>
<NOSED OVER LANDING, FAILED TO VISUALLY CHECK FUEL, SCENE>","<LOST POWER, HAS EFFECT, NOSED OVER LANDING>
<NOSED OVER LANDING, LOCATION, SLOPE>
<FAILED TO VISUALLY CHECK FUEL, HAS CAUSE, FAILED TO VISUALLY CHECK FUEL>","<LOST POWER, NOSED OVER LANDING, SLOPE>
<NOSED OVER LANDING, NO EVIDENCE OF FUEL, SCENE>
<NOSED OVER LANDING, FAILED TO VISUALLY CHECK FUEL, SCENE>"
LOST LEFT ENGINE NEAR H71. FEATHERED. HIGH . BEGAN GO AROUND BELOW VMC. CRASHED. BAD OIL LEAK. CRACKED ENGINE CASE.,"<LEFT ENGINE, LOCATION, H71>
<FEATHERED, HAS EFFECT, BEGAN GO>
<BEGAN GO, EVENT DISTANCE, BELOW VMC>
<CRASHED, HAS CAUSE, BAD OIL LEAK>
<CRASHED, HAS CAUSE, CRACKED ENGINE CASE>","<CRASH, LOCATION, H71>
<CRASH, ENGINE, LEFT ENGINE>
<CRASH, ENGINE, ENGINE CASE>
<CRASH, ENGINE, OIL LEAK>
<CRASH, ENGINE, VMC>
<CRASH, ENGINE, CRASHED>
<CRASH, ENGINE, CRASHED, BEGAN GO AROUND BELOW VMC>
<CRASH, ENGINE, CRASHED, BAD OIL LEAK>
<CRASH, ENGINE, CRASHED, ENGINE CASE CRACKED>
<CRASH, ENGINE, CRASHED, ENGINE CASE CRACKED, BEGAN GO AROUND BELOW VMC>
<CRASH, ENGINE, CRASHED, ENGINE CASE CRACKED, BAD OIL LEAK>
<CRASH, ENGINE, CRASHED, ENGINE CASE CRACKED, BEGAN GO AROUND BELOW VMC, BAD OIL LEAK>
<CRASH, ENGINE, CRASHED, BEGAN GO AROUND BELOW VMC, BAD OIL LEAK, ENGINE CASE CRACKED>
<CRASH, ENGINE, CRASHED, BEGAN GO AROUND BELOW VMC, BAD OIL LEAK, ENGINE CASE CRACKED, ENGINE LEFT>","<LEFT ENGINE, LOCATION, H71>
<FEATHERED, HAS EFFECT, BEGAN GO>
<BEGAN GO, EVENT DISTANCE, BELOW VMC>
<CRASHED, HAS CAUSE, BAD OIL LEAK>
<CRASHED, HAS CAUSE, CRACKED ENGINE CASE>","<CRASH, LOCATION, H71>
<CRASH, ENGINE, LEFT ENGINE>
<CRASH, ENGINE, ENGINE CASE>
<CRASH, ENGINE, OIL LEAK>
<CRASH, ENGINE, VMC>
<CRASH, ENGINE, CRASHED>
<CRASH, ENGINE, CRASHED, BEGAN GO AROUND BELOW VMC>
<CRASH, ENGINE, CRASHED, BAD OIL LEAK>
<CRASH, ENGINE, CRASHED, ENGINE CASE CRACKED>
<CRASH, ENGINE, CRASHED, ENGINE CASE CRACKED, BEGAN GO AROUND BELOW VMC>
<CRASH, ENGINE, CRASHED, ENGINE CASE CRACKED, BAD OIL LEAK>
<CRASH, ENGINE, CRASHED, ENGINE CASE CRACKED, BEGAN GO AROUND BELOW VMC, BAD OIL LEAK>
<CRASH, ENGINE, CRASHED, BEGAN GO AROUND BELOW VMC, BAD OIL LEAK, ENGINE CASE CRACKED>
<CRASH, ENGINE, CRASHED, BEGAN GO AROUND BELOW VMC, BAD OIL LEAK, ENGINE CASE CRACKED, ENGINE LEFT>"
"ATTEMPTED TAKEOFF FROM 2500 FT SOD STRIP.GUSTY NORTH WIND,HIT TREES OFF END OF STRIP CRASHED.                      ","<ATTEMPTED TAKEOFF, EVENT DISTANCE, 2500 FT>
<ATTEMPTED TAKEOFF, INFLUENCED BY, GUSTY NORTH WIND>
<CRASHED, HAS CAUSE, HIT TREES>
<CRASHED, EVENT DISTANCE, OFF END OF STRIP>","<ATTEMPTED TAKEOFF, LOCATION, 2500 FT SOD STRIP>
<ATTEMPTED TAKEOFF, EVENT DISTANCE, GUSTY NORTH WIND>
<ATTEMPTED TAKEOFF, EVENT DISTANCE, TREES>
<ATTEMPTED TAKEOFF, EVENT DISTANCE, END OF STRIP>
<ATTEMPTED TAKEOFF, EVENT DISTANCE, CRASHED>","<ATTEMPTED TAKEOFF, EVENT DISTANCE, 2500 FT>
<ATTEMPTED TAKEOFF, INFLUENCED BY, GUSTY NORTH WIND>
<CRASHED, HAS CAUSE, HIT TREES>
<CRASHED, EVENT DISTANCE, OFF END OF STRIP>","<ATTEMPTED TAKEOFF, LOCATION, 2500 FT SOD STRIP>
<ATTEMPTED TAKEOFF, EVENT DISTANCE, GUSTY NORTH WIND>
<ATTEMPTED TAKEOFF, EVENT DISTANCE, TREES>
<ATTEMPTED TAKEOFF, EVENT DISTANCE, END OF STRIP>
<ATTEMPTED TAKEOFF, EVENT DISTANCE, CRASHED>"
CRASH OCCURRED DURING FORCED LANDING AFTER ENGINE FAILURE DURING TAKEOFF. AIRCRAFT HAD NOT HAD ANNUAL INSPECTION.  ,"<CRASH, HAS CAUSE, ENGINE FAILURE>
<CRASH, TIME PERIOD, TAKEOFF>
<ENGINE FAILURE, HAS CAUSE, FORCED LANDING>
<AIRCRAFT, PART OF, CRASH>
<AIRCRAFT, MAINTAINED BY, ANNUAL INSPECTION>","<CRASH, EVENT DISTANCE, FORCED LANDING>
<CRASH, EVENT DISTANCE, ENGINE FAILURE>
<CRASH, EVENT DISTANCE, TAKEOFF>
<CRASH, HAS CAUSE, NOT HAD ANNUAL INSPECTION>","<CRASH, HAS CAUSE, ENGINE FAILURE>
<CRASH, TIME PERIOD, TAKEOFF>
<ENGINE FAILURE, HAS CAUSE, FORCED LANDING>
<AIRCRAFT, PART OF, CRASH>
<AIRCRAFT, MAINTAINED BY, ANNUAL INSPECTION>","<CRASH, EVENT DISTANCE, FORCED LANDING>
<CRASH, EVENT DISTANCE, ENGINE FAILURE>
<CRASH, EVENT DISTANCE, TAKEOFF>
<CRASH, HAS CAUSE, NOT HAD ANNUAL INSPECTION>"
"NARRATIVE: THE PILOT OF CESSNA 207, N1549U STATED THAT AFTER TAKEOFF FROM THE BETHEL AIRPORT, THE ENGINE STOPPED RU","<CESSNA 207, INSTANCE OF, N1549U>
<N1549U, USED BY, PILOT>
<TAKEOFF, EVENT DISTANCE, BETHEL AIRPORT>
<ENGINE STOPPED, HAS CAUSE, TAKEOFF>","<CESSNA 207, USED BY, PILOT>
<CESSNA 207, LOCATION, BETHEL AIRPORT>
<CESSNA 207, EVENT DISTANCE, AFTER TAKEOFF FROM THE BETHEL AIRPORT, THE ENGINE STOPPED>","<CESSNA 207, INSTANCE OF, N1549U>
<N1549U, USED BY, PILOT>
<TAKEOFF, EVENT DISTANCE, BETHEL AIRPORT>
<ENGINE STOPPED, HAS CAUSE, TAKEOFF>","<CESSNA 207, USED BY, PILOT>
<CESSNA 207, LOCATION, BETHEL AIRPORT>
<CESSNA 207, EVENT DISTANCE, AFTER TAKEOFF FROM THE BETHEL AIRPORT, THE ENGINE STOPPED>"
TOUCHED DOWN LONG AND BOUNCED. ATTEMPTED DOWNWIND GO AROUND WITH FULL FLAPS. STRUCK TREE 3 MILES FROM AIRPORT.     ,"<TOUCHED DOWN, EVENT DISTANCE, 3 MILES>
<TOUCHED DOWN, LOCATION, AIRPORT>
<ATTEMPTED DOWNWIND GO AROUND, HAS EFFECT, STRUCK TREE>
<STRUCK TREE, PART OF, DOWNWIND GO AROUND>","<ATTEMPTED DOWNWIND GO AROUND, EVENT DISTANCE, 3 MILES FROM AIRPORT>
<STRUCK TREE, EVENT DISTANCE, DOWNWIND GO AROUND>
<STRUCK TREE, EVENT DISTANCE, FULL FLAPS>","<TOUCHED DOWN, EVENT DISTANCE, 3 MILES>
<TOUCHED DOWN, LOCATION, AIRPORT>
<ATTEMPTED DOWNWIND GO AROUND, HAS EFFECT, STRUCK TREE>
<STRUCK TREE, PART OF, DOWNWIND GO AROUND>","<ATTEMPTED DOWNWIND GO AROUND, EVENT DISTANCE, 3 MILES FROM AIRPORT>
<STRUCK TREE, EVENT DISTANCE, DOWNWIND GO AROUND>
<STRUCK TREE, EVENT DISTANCE, FULL FLAPS>"
ENTERED TCA WITHOUT ATC COMMUNICATION. PILOT WAS AWARE OF MALFUNCTIONING ENCODING ALTIMETER.                       ,"<TCA, ENTERED BY, PILOT>
<PILOT, AWARE OF, MALFUNCTIONING ENCODING ALTIMETER>","<ENTERED TCA, FOLLOWED BY, MALFUNCTIONING ENCODING ALTIMETER>
<ENTERED TCA, MAINTAINED BY, TCA>
<ENTERED TCA, EVENT DISTANCE, MALFUNCTIONING ENCODING ALTIMETER>","<TCA, ENTERED BY, PILOT>
<PILOT, AWARE OF, MALFUNCTIONING ENCODING ALTIMETER>","<ENTERED TCA, FOLLOWED BY, MALFUNCTIONING ENCODING ALTIMETER>
<ENTERED TCA, MAINTAINED BY, TCA>
<ENTERED TCA, EVENT DISTANCE, MALFUNCTIONING ENCODING ALTIMETER>"
"(-23)AIRCRAFT WAS IN CRUISE FLIGHT, THERE WAS A RPM LOSS AND PILOT COULD NOT MAINTAIN ALTITUDE. PILOT MADE AN EMERG","<RPM LOSS, HAS EFFECT, COULD NOT MAINTAIN ALTITUDE>
<PILOT, USED BY, AIRCRAFT>","<CRUISE FLIGHT, EVENT DISTANCE, RPM LOSS>
<CRUISE FLIGHT, EVENT DISTANCE, PILOT COULD NOT MAINTAIN ALTITUDE>
<CRUISE FLIGHT, EVENT DISTANCE, EMERG>","<RPM LOSS, HAS EFFECT, COULD NOT MAINTAIN ALTITUDE>
<PILOT, USED BY, AIRCRAFT>","<CRUISE FLIGHT, EVENT DISTANCE, RPM LOSS>
<CRUISE FLIGHT, EVENT DISTANCE, PILOT COULD NOT MAINTAIN ALTITUDE>
<CRUISE FLIGHT, EVENT DISTANCE, EMERG>"
NOSE BAGGAGE DOOR OPENED ON TAKEOFF. BAGGAGE HIT LEFT PROP. GOT BELWO UMC. LANDED ON SEA ICE. WILL FLY DOOR OPEN.  ,"<NOSE BAGGAGE DOOR, OPENED ON, TAKEOFF>
<BAGGAGE, HIT, LEFT PROP>
<BELWO UMC, GOT, NOSE BAGGAGE DOOR>
<LANDED ON, SEA ICE, NOSE BAGGAGE DOOR>
<WILL FLY, DOOR OPEN, NOSE BAGGAGE DOOR>","<NOSE BAGGAGE DOOR, EVENT DISTANCE, TAKEOFF>
<BAGGAGE, HAS CAUSE, HIT LEFT PROP>
<BELWO UMC, HAS EFFECT, LANDED ON SEA ICE>
<FLY DOOR, EVENT DISTANCE, TAKEOFF>","<NOSE BAGGAGE DOOR, OPENED ON, TAKEOFF>
<BAGGAGE, HIT, LEFT PROP>
<BELWO UMC, GOT, NOSE BAGGAGE DOOR>
<LANDED ON, SEA ICE, NOSE BAGGAGE DOOR>
<WILL FLY, DOOR OPEN, NOSE BAGGAGE DOOR>","<NOSE BAGGAGE DOOR, EVENT DISTANCE, TAKEOFF>
<BAGGAGE, HAS CAUSE, HIT LEFT PROP>
<BELWO UMC, HAS EFFECT, LANDED ON SEA ICE>
<FLY DOOR, EVENT DISTANCE, TAKEOFF>"
ROUGH ENGINE ON CLIMBOUT. LANDED ON CITY STREET. SPARK PLUGS OUT OF TOLERENCE. FOUND PRIMER UNLOCKED.              ,"<ROUGH ENGINE, HAS CAUSE, SPARK PLUGS OUT OF TOLERENCE>
<LANDED, HAS EFFECT, CITY STREET>
<PRIMER UNLOCKED, PART OF, ROUGH ENGINE>","<ROUGH ENGINE, ON, CLIMBOUT>
<ROUGH ENGINE, EVENT DISTANCE, LANDED ON CITY STREET>
<SPARK PLUGS, OUT OF TOLERANCE, PRIMER UNLOCKED>","<ROUGH ENGINE, HAS CAUSE, SPARK PLUGS OUT OF TOLERENCE>
<LANDED, HAS EFFECT, CITY STREET>
<PRIMER UNLOCKED, PART OF, ROUGH ENGINE>","<ROUGH ENGINE, ON, CLIMBOUT>
<ROUGH ENGINE, EVENT DISTANCE, LANDED ON CITY STREET>
<SPARK PLUGS, OUT OF TOLERANCE, PRIMER UNLOCKED>"
"(-23) DURING TAXI OUT, CFI NOTICED NOSE LANDING GEAR GREEN LIGHT WAS OUT. SHE ATTEMPTED TO SWAP LIGHTS TO VERIFY TH","<NOSE LANDING GEAR, HAS EFFECT, GREEN LIGHT WAS OUT>
<GREEN LIGHT, HAS EFFECT, VERIFY>","<TAXI OUT, EVENT DISTANCE, (-23)>
<NOSE LANDING GEAR, CONDITION, OUT>
<GREEN LIGHT, CONDITION, OUT>
<SWAP LIGHTS, ACTION, ATTEMPTED TO VERIFY>","<NOSE LANDING GEAR, HAS EFFECT, GREEN LIGHT WAS OUT>
<GREEN LIGHT, HAS EFFECT, VERIFY>","<TAXI OUT, EVENT DISTANCE, (-23)>
<NOSE LANDING GEAR, CONDITION, OUT>
<GREEN LIGHT, CONDITION, OUT>
<SWAP LIGHTS, ACTION, ATTEMPTED TO VERIFY>"
"ELECTRIC POWER LOST ON IFR DUAL FLIGHT. STRUCK POWER POLE ON FORCED LANDING, FOUND CIRCUIT BREAKER OFF. PILOT ERROR","<IFR DUAL FLIGHT, INSTANCE OF, ELECTRIC POWER LOSS>
<ELECTRIC POWER LOSS, HAS CAUSE, PILOT ERROR>
<ELECTRIC POWER LOSS, FOLLOWED BY, FORCED LANDING>
<FORCED LANDING, HAS EFFECT, STRUCK POWER POLE>
<STRUCK POWER POLE, MAINTAINED BY, POWER POLE>
<CIRCUIT BREAKER, HAS EFFECT, POWER>","<ELECTRIC POWER, CAUSE, STRUCK POWER POLE>
<STRUCK POWER POLE, EVENT DISTANCE, FORCED LANDING>
<PILOT ERROR, HAS EFFECT, STRUCK POWER POLE>
<STRUCK POWER POLE, EVENT DISTANCE, CIRCUIT BREAKER OFF>
<STRUCK POWER POLE, EVENT DISTANCE, ELECTRIC POWER LOST>
<ELECTRIC POWER, HAS EFFECT, STRUCK POWER POLE>
<STRUCK POWER POLE, EVENT DISTANCE, FORCED LANDING>
<STRUCK POWER POLE, EVENT DISTANCE, CIRCUIT BREAKER OFF>
<PILOT ERROR, HAS EFFECT, STRUCK POWER POLE>
<STRUCK POWER POLE, EVENT DISTANCE, ELECTRIC POWER LOST>","<IFR DUAL FLIGHT, INSTANCE OF, ELECTRIC POWER LOSS>
<ELECTRIC POWER LOSS, HAS CAUSE, PILOT ERROR>
<ELECTRIC POWER LOSS, FOLLOWED BY, FORCED LANDING>
<FORCED LANDING, HAS EFFECT, STRUCK POWER POLE>
<STRUCK POWER POLE, MAINTAINED BY, POWER POLE>
<CIRCUIT BREAKER, HAS EFFECT, POWER>","<ELECTRIC POWER, CAUSE, STRUCK POWER POLE>
<STRUCK POWER POLE, EVENT DISTANCE, FORCED LANDING>
<PILOT ERROR, HAS EFFECT, STRUCK POWER POLE>
<STRUCK POWER POLE, EVENT DISTANCE, CIRCUIT BREAKER OFF>
<STRUCK POWER POLE, EVENT DISTANCE, ELECTRIC POWER LOST>
<ELECTRIC POWER, HAS EFFECT, STRUCK POWER POLE>
<STRUCK POWER POLE, EVENT DISTANCE, FORCED LANDING>
<STRUCK POWER POLE, EVENT DISTANCE, CIRCUIT BREAKER OFF>
<PILOT ERROR, HAS EFFECT, STRUCK POWER POLE>
<STRUCK POWER POLE, EVENT DISTANCE, ELECTRIC POWER LOST>"
LOUD BANG AND SHUDDER ENROUTE. SAW SPARKS AT ROTOR. RETURNED. ENGINE COWLING SEPERATED. COWL NOT FASTENED.         ,"<BANG, HAS CAUSE, SPARKS>
<SPARKS, HAS EFFECT, ROTOR>
<ENGINE COWLING, PART OF, COWLING>
<COWLING, INSTANCE OF, SEPERATED>
<COWLING, MAINTAINED BY, NOT FASTENED>","<ENGINE COWLING, HAS CAUSE, SEPERATED>
<COWL, NOT FASTENED, ENGINE COWLING>
<SPARKS, EVENT DISTANCE, ENGINE COWLING>","<BANG, HAS CAUSE, SPARKS>
<SPARKS, HAS EFFECT, ROTOR>
<ENGINE COWLING, PART OF, COWLING>
<COWLING, INSTANCE OF, SEPERATED>
<COWLING, MAINTAINED BY, NOT FASTENED>","<ENGINE COWLING, HAS CAUSE, SEPERATED>
<COWL, NOT FASTENED, ENGINE COWLING>
<SPARKS, EVENT DISTANCE, ENGINE COWLING>"
REPORTED PROBLEM ON CLIMBOUT. STALLED AND CRASHED. NO LOCKING PINS IN SEAT TRACK. SEAT PIN BENT. BELT NOT FASTENED ,"<REPORTED PROBLEM, INSTANCE OF, STALLED AND CRASHED>
<REPORTED PROBLEM, HAS EFFECT, NO LOCKING PINS IN SEAT TRACK>
<REPORTED PROBLEM, HAS EFFECT, SEAT PIN BENT>
<REPORTED PROBLEM, HAS CAUSE, BELT NOT FASTENED>","<REPORTED PROBLEM, CLIMBOUT, STALLED AND CRASHED>
<REPORTED PROBLEM, CLIMBOUT, NO LOCKING PINS IN SEAT TRACK>
<REPORTED PROBLEM, CLIMBOUT, SEAT PIN BENT>
<REPORTED PROBLEM, CLIMBOUT, BELT NOT FASTENED>
<NO LOCKING PINS, CLIMBOUT, IN SEAT TRACK>
<SEAT PIN, CLIMBOUT, BENT>
<BELT, CLIMBOUT, NOT FASTENED>","<REPORTED PROBLEM, INSTANCE OF, STALLED AND CRASHED>
<REPORTED PROBLEM, HAS EFFECT, NO LOCKING PINS IN SEAT TRACK>
<REPORTED PROBLEM, HAS EFFECT, SEAT PIN BENT>
<REPORTED PROBLEM, HAS CAUSE, BELT NOT FASTENED>","<REPORTED PROBLEM, CLIMBOUT, STALLED AND CRASHED>
<REPORTED PROBLEM, CLIMBOUT, NO LOCKING PINS IN SEAT TRACK>
<REPORTED PROBLEM, CLIMBOUT, SEAT PIN BENT>
<REPORTED PROBLEM, CLIMBOUT, BELT NOT FASTENED>
<NO LOCKING PINS, CLIMBOUT, IN SEAT TRACK>
<SEAT PIN, CLIMBOUT, BENT>
<BELT, CLIMBOUT, NOT FASTENED>"
FORCED LANDING AFTER POWER LOSS. FOUND WATER IN FUEL.                                                              ,"<POWER LOSS, HAS CAUSE, FORCED LANDING>
<FOUND WATER IN FUEL, HAS EFFECT, FORCED LANDING>","<POWER LOSS, CAUSE, FORCED LANDING>
<POWER LOSS, HAS EFFECT, FOUND WATER IN FUEL>
<POWER LOSS, HAS EFFECT, FORCED LANDING>","<POWER LOSS, HAS CAUSE, FORCED LANDING>
<FOUND WATER IN FUEL, HAS EFFECT, FORCED LANDING>","<POWER LOSS, CAUSE, FORCED LANDING>
<POWER LOSS, HAS EFFECT, FOUND WATER IN FUEL>
<POWER LOSS, HAS EFFECT, FORCED LANDING>"
LOST CONTROL OF AIRPLANE ON TAKEOFF ROLL. FAILED TO REMOVE AILERON-ELEVATOR LOCK PIN.                              ,"<AIRPLANE, INSTANCE OF, LOST CONTROL>
<LOST CONTROL, HAS CAUSE, FAILED TO REMOVE AILERON-ELEVATOR LOCK PIN>
<TAKE OFF ROLL, EVENT DISTANCE, LOST CONTROL>","<LOST CONTROL OF AIRPLANE, EVENT DISTANCE, TAKEOFF ROLL>
<FAILED TO REMOVE AILERON-ELEVATOR LOCK PIN, HAS EFFECT, LOST CONTROL OF AIRPLANE>","<AIRPLANE, INSTANCE OF, LOST CONTROL>
<LOST CONTROL, HAS CAUSE, FAILED TO REMOVE AILERON-ELEVATOR LOCK PIN>
<TAKE OFF ROLL, EVENT DISTANCE, LOST CONTROL>","<LOST CONTROL OF AIRPLANE, EVENT DISTANCE, TAKEOFF ROLL>
<FAILED TO REMOVE AILERON-ELEVATOR LOCK PIN, HAS EFFECT, LOST CONTROL OF AIRPLANE>"
"PILOT LANDED TO WAIT OUT RAIN SHOWER. ON CLIMBOUT, ENGINE RAN ROUGH. PILOT LANDED IN FIELD. CLAIMS WATER IN FUEL.  ","<PILOT, LANDED IN, FIELD>
<PILOT, FOLLOWED BY, RAN ROUGH>
<ENGINE, HAS EFFECT, CLAIMS WATER IN FUEL>","<PILOT, EVENT DISTANCE, RAIN SHOWER>
<ENGINE, CONDITION, RAN ROUGH>
<PILOT, LOCATION, FIELD>
<FUEL, CONDITION, WATER IN>","<PILOT, LANDED IN, FIELD>
<PILOT, FOLLOWED BY, RAN ROUGH>
<ENGINE, HAS EFFECT, CLAIMS WATER IN FUEL>","<PILOT, EVENT DISTANCE, RAIN SHOWER>
<ENGINE, CONDITION, RAN ROUGH>
<PILOT, LOCATION, FIELD>
<FUEL, CONDITION, WATER IN>"
"(-23) THE PILOT ^PRIVACY DA^ STATED THAT DURING TAKEOFF (AT ROTATION) HIS SEAT SLID BACK, CAUSING HIM TO OVERROTATE","<PILOT, STATED THAT, TAKEOFF>
<TAKEOFF, HAS EFFECT, OVERROTATE>
<ROTATION, FOLLOWED BY, OVERROTATE>",,"<PILOT, STATED THAT, TAKEOFF>
<TAKEOFF, HAS EFFECT, OVERROTATE>
<ROTATION, FOLLOWED BY, OVERROTATE>",
"NARRATIVE: ON MARCH 14, 1995, N7016M, AN AMATEUR BUILT AIRCRAFT, MADE AN EMERGENCY OFF AIRPORT LANDING NEAR THE BLO","<N7016M, INSTANCE OF, AMATEUR BUILT AIRCRAFT>
<MARCH 14, 1995, TIME PERIOD, 1995>
<EMERGENCY OFF AIRPORT LANDING, LOCATION, NEAR THE BLO>","<N7016M, EVENT DISTANCE, EMERGENCY OFF AIRPORT LANDING>
<EMERGENCY OFF AIRPORT LANDING, TIME PERIOD, MARCH 14, 1995>
<EMERGENCY OFF AIRPORT LANDING, LOCATION, NEAR THE BLO>","<N7016M, INSTANCE OF, AMATEUR BUILT AIRCRAFT>
<MARCH 14, 1995, TIME PERIOD, 1995>
<EMERGENCY OFF AIRPORT LANDING, LOCATION, NEAR THE BLO>","<N7016M, EVENT DISTANCE, EMERGENCY OFF AIRPORT LANDING>
<EMERGENCY OFF AIRPORT LANDING, TIME PERIOD, MARCH 14, 1995>
<EMERGENCY OFF AIRPORT LANDING, LOCATION, NEAR THE BLO>"
EARLY FUEL EXHAUSTION FROM FUEL SIPHONING FROM IMPROPERLY SECURED VENT CAP. OVERSHOT EMERGENCY LANDING AREA.       ,"<FUEL EXHAUSTION, HAS CAUSE, FUEL SIPHONING>
<FUEL EXHAUSTION, HAS EFFECT, OVERSHOT EMERGENCY LANDING AREA>","<FUEL EXHAUSTION, HAS CAUSE, FUEL SIPHONING>
<FUEL EXHAUSTION, HAS CAUSE, IMPROPERLY SECURED VENT CAP>
<FUEL EXHAUSTION, HAS EFFECT, OVERSHOT EMERGENCY LANDING AREA>","<FUEL EXHAUSTION, HAS CAUSE, FUEL SIPHONING>
<FUEL EXHAUSTION, HAS EFFECT, OVERSHOT EMERGENCY LANDING AREA>","<FUEL EXHAUSTION, HAS CAUSE, FUEL SIPHONING>
<FUEL EXHAUSTION, HAS CAUSE, IMPROPERLY SECURED VENT CAP>
<FUEL EXHAUSTION, HAS EFFECT, OVERSHOT EMERGENCY LANDING AREA>"
TAXIING AIRCRAFT STRUCK PARKED AIRCRAFT. FOUND WORN OUT & INEFFECTIVE BRAKES AS CAUSE.                             ,"<TAXIING AIRCRAFT, STUCK, PARKED AIRCRAFT>
<INEFFECTIVE BRAKES, HAS CAUSE, WORN OUT>","<TAXIING AIRCRAFT, HAS CAUSE, INEFFECTIVE BRAKES>
<INACTIVE AIRCRAFT, CAUSE, TAXIING AIRCRAFT>
<INACTIVE AIRCRAFT, HAS CAUSE, WORN OUT BRAKES>","<TAXIING AIRCRAFT, STUCK, PARKED AIRCRAFT>
<INEFFECTIVE BRAKES, HAS CAUSE, WORN OUT>","<TAXIING AIRCRAFT, HAS CAUSE, INEFFECTIVE BRAKES>
<INACTIVE AIRCRAFT, CAUSE, TAXIING AIRCRAFT>
<INACTIVE AIRCRAFT, HAS CAUSE, WORN OUT BRAKES>"
ON ENGINE START PILOTS SEAT WENT TO FULL AFT POSITION. PUSH THROTTLE IN FULL. AIRCRAFT COLLIDED WITH PARKED PLANE. ,"<PILOTS SEAT, WENT TO, FULL AFT POSITION>
<AIRCRAFT, COLLIDED WITH, PARKED PLANE>","<PILOTS, SEAT, FULL AFT POSITION>
<PILOT, ACTION, PUSH THROTTLE IN FULL>
<PLANE, COLLISION, PARKED PLANE>","<PILOTS SEAT, WENT TO, FULL AFT POSITION>
<AIRCRAFT, COLLIDED WITH, PARKED PLANE>","<PILOTS, SEAT, FULL AFT POSITION>
<PILOT, ACTION, PUSH THROTTLE IN FULL>
<PLANE, COLLISION, PARKED PLANE>"
AFTER LIFTOFF PILOT NOTICED RIGHT FUEL CAP MISSING. ABORTED. LANDED ON SAME RUNWAY. RAN OFF SIDE OF RUNWAY.        ,"<LIFTOFF, FOLLOWED BY, PILOT NOTICED RIGHT FUEL CAP MISSING>
<ABORTED, HAS CAUSE, RIGHT FUEL CAP MISSING>
<Landed, LOCATION, SAME RUNWAY>
<RAN OFF SIDE OF RUNWAY, HAS EFFECT, >","<PILOT, EVENT DISTANCE, ABORTED>
<PILOT, EVENT DISTANCE, LANDED ON SAME RUNWAY>
<PILOT, EVENT DISTANCE, RAN OFF SIDE OF RUNWAY>","<LIFTOFF, FOLLOWED BY, PILOT NOTICED RIGHT FUEL CAP MISSING>
<ABORTED, HAS CAUSE, RIGHT FUEL CAP MISSING>
<Landed, LOCATION, SAME RUNWAY>
<RAN OFF SIDE OF RUNWAY, HAS EFFECT, >","<PILOT, EVENT DISTANCE, ABORTED>
<PILOT, EVENT DISTANCE, LANDED ON SAME RUNWAY>
<PILOT, EVENT DISTANCE, RAN OFF SIDE OF RUNWAY>"
"(-23) THE AIRCRAFT DEPARTED BARTLESVILLE MUNICIPAL AIRPORT (BVO) BARTLESVILLE, OK AT 1147 AM LOCAL TIME FOR A LOCAL","<AIRCRAFT, DEPARTED FROM, BARTLESVILLE MUNICIPAL AIRPORT>
<BARTLESVILLE MUNICIPAL AIRPORT, LOCATION, BARTLESVILLE, OK>
<DEPARTURE TIME, TIME PERIOD, 1147 AM>","<LOCAL FLIGHT, DEPARTED FROM, BARTLESVILLE MUNICIPAL AIRPORT (BVO)>
<LOCAL FLIGHT, TIME, 1147 AM LOCAL TIME>
<LOCAL FLIGHT, LOCATION, BARTLESVILLE, OK>","<AIRCRAFT, DEPARTED FROM, BARTLESVILLE MUNICIPAL AIRPORT>
<BARTLESVILLE MUNICIPAL AIRPORT, LOCATION, BARTLESVILLE, OK>
<DEPARTURE TIME, TIME PERIOD, 1147 AM>","<LOCAL FLIGHT, DEPARTED FROM, BARTLESVILLE MUNICIPAL AIRPORT (BVO)>
<LOCAL FLIGHT, TIME, 1147 AM LOCAL TIME>
<LOCAL FLIGHT, LOCATION, BARTLESVILLE, OK>"
PILOT RAN OFF END OF RUNWAY WHEN REMAINING BRAKE FAILED.                                                           ,"<PILOT, USED BY, BRAKE>
<BRAKE, HAS CAUSE, REMAINING BRAKE FAILED>
<RUNWAY, LOCATION, END OF RUNWAY>","<PILOT, EVENT DISTANCE, END OF RUNWAY>
<REMAINING BRAKE, HAS CAUSE, PILOT RAN OFF END OF RUNWAY>","<PILOT, USED BY, BRAKE>
<BRAKE, HAS CAUSE, REMAINING BRAKE FAILED>
<RUNWAY, LOCATION, END OF RUNWAY>","<PILOT, EVENT DISTANCE, END OF RUNWAY>
<REMAINING BRAKE, HAS CAUSE, PILOT RAN OFF END OF RUNWAY>"
WHEELS LOCKED UP AFTER SEVERAL TOUCH AND GO LANDINGS DUE TO SNOW PACKED IN THE WHEEL PANTS.                        ,"<WHEELS LOCKED UP, HAS CAUSE, SNOW PACKED>
<WHEELS LOCKED UP, LOCATION, WHEEL PANTS>","<SEVERAL TOUCH AND GO LANDINGS, CAUSE, WHEELS LOCKED UP>
<SNOW PACKED IN THE WHEEL PANTS, CAUSE, SEVERAL TOUCH AND GO LANDINGS>
<SNOW PACKED IN THE WHEEL PANTS, LOCATION, WHEEL PANTS>","<WHEELS LOCKED UP, HAS CAUSE, SNOW PACKED>
<WHEELS LOCKED UP, LOCATION, WHEEL PANTS>","<SEVERAL TOUCH AND GO LANDINGS, CAUSE, WHEELS LOCKED UP>
<SNOW PACKED IN THE WHEEL PANTS, CAUSE, SEVERAL TOUCH AND GO LANDINGS>
<SNOW PACKED IN THE WHEEL PANTS, LOCATION, WHEEL PANTS>"
LOST POWER LANDED HARD IN ROUGH WATER. DAMAGED FLOATS AND LONGERON. WATER IN FUEL. MISREAD WATER IN SUMP TO BE FUEL,"<LANDED HARD, HAS EFFECT, DAMAGED>
<DAMAGED, PART OF, FLOATS>
<DAMAGED, PART OF, LONGERON>
<WATER IN FUEL, HAS CAUSE, LOST POWER>
<WATER IN FUEL, HAS CAUSE, MISREAD>
<MISREAD, PART OF, WATER IN SUMP>","<LAST, EVENT DISTANCE, ROUGH WATER>
<LAST, HAS CAUSE, DAMAGED FLOATS>
<LAST, HAS CAUSE, LONGERON>
<LAST, HAS CAUSE, WATER IN FUEL>
<LAST, HAS CAUSE, MISREAD WATER IN SUMP TO BE FUEL>
<LAST, HAS EFFECT, LANDED HARD>
<LAST, HAS EFFECT, DAMAGED FLOATS>
<LAST, HAS EFFECT, LONGERON>
<LAST, HAS EFFECT, WATER IN FUEL>
<LAST, HAS EFFECT, MISREAD WATER IN SUMP TO BE FUEL>
<LAST, HAS EFFECT, LANDED HARD>
<LAST, HAS EFFECT, DAMAGED FLOATS>
<LAST, HAS EFFECT, LONGERON>
<LAST, HAS EFFECT, WATER IN FUEL>
<LAST, HAS EFFECT, MISREAD WATER IN SUMP TO BE FUEL>
<LAST, HAS EFFECT, LANDED HARD>
<LAST, HAS EFFECT, DAMAGED FLOATS>
<LAST, HAS EFFECT, LONGERON>
<LAST, HAS EFFECT, WATER IN FUEL>
<LAST, HAS EFFECT, MISREAD WATER IN SUMP TO BE FUEL>
<LAST, HAS EFFECT, LANDED HARD>","<LANDED HARD, HAS EFFECT, DAMAGED>
<DAMAGED, PART OF, FLOATS>
<DAMAGED, PART OF, LONGERON>
<WATER IN FUEL, HAS CAUSE, LOST POWER>
<WATER IN FUEL, HAS CAUSE, MISREAD>
<MISREAD, PART OF, WATER IN SUMP>","<LAST, EVENT DISTANCE, ROUGH WATER>
<LAST, HAS CAUSE, DAMAGED FLOATS>
<LAST, HAS CAUSE, LONGERON>
<LAST, HAS CAUSE, WATER IN FUEL>
<LAST, HAS CAUSE, MISREAD WATER IN SUMP TO BE FUEL>
<LAST, HAS EFFECT, LANDED HARD>
<LAST, HAS EFFECT, DAMAGED FLOATS>
<LAST, HAS EFFECT, LONGERON>
<LAST, HAS EFFECT, WATER IN FUEL>
<LAST, HAS EFFECT, MISREAD WATER IN SUMP TO BE FUEL>
<LAST, HAS EFFECT, LANDED HARD>
<LAST, HAS EFFECT, DAMAGED FLOATS>
<LAST, HAS EFFECT, LONGERON>
<LAST, HAS EFFECT, WATER IN FUEL>
<LAST, HAS EFFECT, MISREAD WATER IN SUMP TO BE FUEL>
<LAST, HAS EFFECT, LANDED HARD>
<LAST, HAS EFFECT, DAMAGED FLOATS>
<LAST, HAS EFFECT, LONGERON>
<LAST, HAS EFFECT, WATER IN FUEL>
<LAST, HAS EFFECT, MISREAD WATER IN SUMP TO BE FUEL>
<LAST, HAS EFFECT, LANDED HARD>"
"(-23) AFTER NORMAL TOUCHDOWN THE AIRCRAFT STARTED SLIDING OR HYDROPLANING TOWARD LEFT SIDE OF RUNWAY, AIRCRAFT STRU","<AIRCRAFT, STARTED SLIDING, LEFT SIDE OF RUNWAY>
<AIRCRAFT, EVENT DISTANCE, -23>","<SLIDING OR HYDROPLANING, EVENT DISTANCE, AFTER NORMAL TOUCHDOWN>
<SLIDING OR HYDROPLANING, LOCATION, LEFT SIDE OF RUNWAY>
<SLIDING OR HYDROPLANING, MAINTAINED BY, AIRCRAFT>","<AIRCRAFT, STARTED SLIDING, LEFT SIDE OF RUNWAY>
<AIRCRAFT, EVENT DISTANCE, -23>","<SLIDING OR HYDROPLANING, EVENT DISTANCE, AFTER NORMAL TOUCHDOWN>
<SLIDING OR HYDROPLANING, LOCATION, LEFT SIDE OF RUNWAY>
<SLIDING OR HYDROPLANING, MAINTAINED BY, AIRCRAFT>"
ENGINE COWLING SEPARATED FROM ENGINE IN FLIGHT.                                                                    ,"<ENGINE COWLING, SEPARATED FROM, ENGINE>
<SEPARATION, HAS CAUSE, FLIGHT>","<ENGINE COWLING, SEPARATED FROM, ENGINE IN FLIGHT>","<ENGINE COWLING, SEPARATED FROM, ENGINE>
<SEPARATION, HAS CAUSE, FLIGHT>","<ENGINE COWLING, SEPARATED FROM, ENGINE IN FLIGHT>"
"(-23) ON A FLIGHT FROM NOTH PLATTE, NE, TO IOWA CITY, IA, (487 STATUTE MILES) THE AIRCRAFT LOST POWER NEAR GRINNELL","<FLIGHT, LOCATED IN, NOTH PLATTE>
<FLIGHT, LOCATED IN, NE>
<FLIGHT, DESTINATION, IOWA CITY>
<FLIGHT, LOCATED IN, IA>
<AIRCRAFT, EVENT DISTANCE, 487 STATUTE MILES>
<AIRCRAFT, LOST POWER, GRINNELL>","<FLIGHT, LOCATION, NOTH PLATTE>
<FLIGHT, LOCATION, IOWA CITY, IA>
<FLIGHT, EVENT DISTANCE, 487 STATUTE MILES>
<FLIGHT, EVENT DISTANCE, NEAR GRINNELL>
<FLIGHT, LOCATION, NOTH PLATTE>
<FLIGHT, LOCATION, IOWA CITY, IA>
<FLIGHT, EVENT DISTANCE, 487 STATUTE MILES>
<FLIGHT, EVENT DISTANCE, NEAR GRINNELL>","<FLIGHT, LOCATED IN, NOTH PLATTE>
<FLIGHT, LOCATED IN, NE>
<FLIGHT, DESTINATION, IOWA CITY>
<FLIGHT, LOCATED IN, IA>
<AIRCRAFT, EVENT DISTANCE, 487 STATUTE MILES>
<AIRCRAFT, LOST POWER, GRINNELL>","<FLIGHT, LOCATION, NOTH PLATTE>
<FLIGHT, LOCATION, IOWA CITY, IA>
<FLIGHT, EVENT DISTANCE, 487 STATUTE MILES>
<FLIGHT, EVENT DISTANCE, NEAR GRINNELL>
<FLIGHT, LOCATION, NOTH PLATTE>
<FLIGHT, LOCATION, IOWA CITY, IA>
<FLIGHT, EVENT DISTANCE, 487 STATUTE MILES>
<FLIGHT, EVENT DISTANCE, NEAR GRINNELL>"
TIE DOWN STRAP ACROSS LEFT SKID CAUGHT ON TRAILER AND TETHERED HEPER.                                              ,"<TIE DOWN STRAP, PART OF, TRAILER>
<TIE DOWN STRAP, LOCATION, LEFT SKID>
<TETHERED, FOLLOWS, TIE DOWN STRAP>
<HEPER, LOCATION, ?>","<TIE DOWN STRAP, ACROSS, LEFT SKID>
<TIE DOWN STRAP, CAUGHT ON, TRAILER>
<TIE DOWN STRAP, TETHERED, HEPER>","<TIE DOWN STRAP, PART OF, TRAILER>
<TIE DOWN STRAP, LOCATION, LEFT SKID>
<TETHERED, FOLLOWS, TIE DOWN STRAP>
<HEPER, LOCATION, ?>","<TIE DOWN STRAP, ACROSS, LEFT SKID>
<TIE DOWN STRAP, CAUGHT ON, TRAILER>
<TIE DOWN STRAP, TETHERED, HEPER>"
(-23) THE PILOT IN COMMAND (PIC) FAILED TO ENSURE ALL FUEL TANK CAPS WERE SECURELY FASTENED PRIOR TO DEPARTURE. SUB,"<PILOT IN COMMAND, FAILED TO ENSURE, FUEL TANK CAPS>
<FUEL TANK CAPS, HAS EFFECT, SECURELY FASTENED>
<DEPARTURE, FOLLOWED BY, PIC FAILURE>","<PILOT IN COMMAND, HAS CAUSE, FAILED TO ENSURE ALL FUEL TANK CAPS WERE SECURELY FASTENED>
<FAIL TO ENSURE ALL FUEL TANK CAPS WERE SECURELY FASTENED, HAS EFFECT, PILOT IN COMMAND>","<PILOT IN COMMAND, FAILED TO ENSURE, FUEL TANK CAPS>
<FUEL TANK CAPS, HAS EFFECT, SECURELY FASTENED>
<DEPARTURE, FOLLOWED BY, PIC FAILURE>","<PILOT IN COMMAND, HAS CAUSE, FAILED TO ENSURE ALL FUEL TANK CAPS WERE SECURELY FASTENED>
<FAIL TO ENSURE ALL FUEL TANK CAPS WERE SECURELY FASTENED, HAS EFFECT, PILOT IN COMMAND>"
(-23) FUEL CONTAMINATION IN AIRFRAME FUEL FILTER AS WELL AS IN FUEL FILTER AND ENGINE DRIVEN FUEL PUMP FILTER. THE ,"<FUEL CONTAMINATION, HAS EFFECT, AIRFRAME FUEL FILTER>
<FUEL CONTAMINATION, HAS EFFECT, FUEL FILTER>
<FUEL CONTAMINATION, HAS EFFECT, ENGINE DRIVEN FUEL PUMP FILTER>","<FUEL CONTAMINATION, IN, AIRFRAME FUEL FILTER>
<FUEL CONTAMINATION, IN, FUEL FILTER>
<FUEL CONTAMINATION, IN, ENGINE DRIVEN FUEL PUMP FILTER>","<FUEL CONTAMINATION, HAS EFFECT, AIRFRAME FUEL FILTER>
<FUEL CONTAMINATION, HAS EFFECT, FUEL FILTER>
<FUEL CONTAMINATION, HAS EFFECT, ENGINE DRIVEN FUEL PUMP FILTER>","<FUEL CONTAMINATION, IN, AIRFRAME FUEL FILTER>
<FUEL CONTAMINATION, IN, FUEL FILTER>
<FUEL CONTAMINATION, IN, ENGINE DRIVEN FUEL PUMP FILTER>"
PRIOR DEMO FLIGHT. CONNECTING ROD BENT BY HYDRO LOCK IN NR5 CYL ON STARTUP. BROKE. HIT COUNTER WT. BROKE PORP SHAFT,"<DEMO FLIGHT, FOLLOWED BY, PRIOR>
<CONNECTING ROD BENT BY, HAS CAUSE, HYDRO LOCK>
<CONNECTING ROD BENT BY, LOCATION, NR5 CYL>
<CONNECTING ROD BENT BY, TIME PERIOD, STARTUP>
<CONNECTING ROD BENT BY, HAS EFFECT, BROKE>
<BROKE, HAS EFFECT, HIT COUNTER WT>
<BROKE, HAS EFFECT, BROKE PORP SHAFT>","<DEMO FLIGHT, EVENT DISTANCE, CONNECTING ROD BENT BY HYDRO LOCK IN NR5 CYL ON STARTUP>
<DEMO FLIGHT, EVENT DISTANCE, BROKE>
<DEMO FLIGHT, EVENT DISTANCE, HIT COUNTER WT>
<DEMO FLIGHT, EVENT DISTANCE, BROKE PORP SHAFT>","<DEMO FLIGHT, FOLLOWED BY, PRIOR>
<CONNECTING ROD BENT BY, HAS CAUSE, HYDRO LOCK>
<CONNECTING ROD BENT BY, LOCATION, NR5 CYL>
<CONNECTING ROD BENT BY, TIME PERIOD, STARTUP>
<CONNECTING ROD BENT BY, HAS EFFECT, BROKE>
<BROKE, HAS EFFECT, HIT COUNTER WT>
<BROKE, HAS EFFECT, BROKE PORP SHAFT>","<DEMO FLIGHT, EVENT DISTANCE, CONNECTING ROD BENT BY HYDRO LOCK IN NR5 CYL ON STARTUP>
<DEMO FLIGHT, EVENT DISTANCE, BROKE>
<DEMO FLIGHT, EVENT DISTANCE, HIT COUNTER WT>
<DEMO FLIGHT, EVENT DISTANCE, BROKE PORP SHAFT>"
"WHILE TAXIING, THE AIRCRAFT STRUCK N106DA WHICH WAS PARKED.  PILOT WAS UNAWARE OF BRAKE PROBLEMS ON THE AIRCRAFT.  ","<AIRCRAFT, STUCK BY, N106DA>
<PILOT, UNAWARE OF, BRAKE PROBLEMS>
<BRAKE PROBLEMS, HAS EFFECT, AIRCRAFT>","<TAXIING, EVENT DISTANCE, STRUCK N106DA>
<UNAWARE, HAS EFFECT, BRAKE PROBLEMS ON THE AIRCRAFT>
<UNAWARE, HAS EFFECT, N106DA>","<AIRCRAFT, STUCK BY, N106DA>
<PILOT, UNAWARE OF, BRAKE PROBLEMS>
<BRAKE PROBLEMS, HAS EFFECT, AIRCRAFT>","<TAXIING, EVENT DISTANCE, STRUCK N106DA>
<UNAWARE, HAS EFFECT, BRAKE PROBLEMS ON THE AIRCRAFT>
<UNAWARE, HAS EFFECT, N106DA>"
"(-23) N759TY, CE-182 WAS EN ROUTE FROM HOT SPRINGS, ARKANSAS TO FAYETTEVILLE, TENNESSEE, WHEN THE AIRCRAFT ENGINE Q","<N759TY, INSTANCE OF, AIRCRAFT>
<CE-182, INSTANCE OF, AIRCRAFT>
<N759TY, FOLLOWED BY, Q>
<N759TY, LOCATION, HOT SPRINGS>
<HOT SPRINGS, LOCATION, ARKANSAS>
<N759TY, LOCATION, FAYETTEVILLE>
<FAYETTEVILLE, LOCATION, TENNESSEE>",,"<N759TY, INSTANCE OF, AIRCRAFT>
<CE-182, INSTANCE OF, AIRCRAFT>
<N759TY, FOLLOWED BY, Q>
<N759TY, LOCATION, HOT SPRINGS>
<HOT SPRINGS, LOCATION, ARKANSAS>
<N759TY, LOCATION, FAYETTEVILLE>
<FAYETTEVILLE, LOCATION, TENNESSEE>",
ON CLIMBOUT NOSE BAGGAGE DOOR OPENED. REDUCED POWER. STALLED. ROLLED. DIVED INTO OCEAN. TEST FLIGHT FROM STORAGE.  ,"<BAGGAGE DOOR, OPENED BY, CLIMBOUT>
<POWER, REDUCED BY, REDUCED POWER>
<STALLED, HAS CAUSE, REDUCED POWER>
<ROLLED, HAS CAUSE, STALLED>
<DIVED INTO OCEAN, HAS CAUSE, STALLED>
<TEST FLIGHT, PART OF, STORAGE>","<CLIMBOUT NOSE BAGGAGE DOOR, EVENT DISTANCE, OPENED>
<CLIMBOUT NOSE BAGGAGE DOOR, EVENT DISTANCE, REDUCED POWER>
<CLIMBOUT NOSE BAGGAGE DOOR, EVENT DISTANCE, STALLED>
<CLIMBOUT NOSE BAGGAGE DOOR, EVENT DISTANCE, ROLLED>
<CLIMBOUT NOSE BAGGAGE DOOR, EVENT DISTANCE, DIVED INTO OCEAN>
<TEST FLIGHT, USED BY, CLIMBOUT NOSE BAGGAGE DOOR>
<STORAGE, LOCATION, TEST FLIGHT>","<BAGGAGE DOOR, OPENED BY, CLIMBOUT>
<POWER, REDUCED BY, REDUCED POWER>
<STALLED, HAS CAUSE, REDUCED POWER>
<ROLLED, HAS CAUSE, STALLED>
<DIVED INTO OCEAN, HAS CAUSE, STALLED>
<TEST FLIGHT, PART OF, STORAGE>","<CLIMBOUT NOSE BAGGAGE DOOR, EVENT DISTANCE, OPENED>
<CLIMBOUT NOSE BAGGAGE DOOR, EVENT DISTANCE, REDUCED POWER>
<CLIMBOUT NOSE BAGGAGE DOOR, EVENT DISTANCE, STALLED>
<CLIMBOUT NOSE BAGGAGE DOOR, EVENT DISTANCE, ROLLED>
<CLIMBOUT NOSE BAGGAGE DOOR, EVENT DISTANCE, DIVED INTO OCEAN>
<TEST FLIGHT, USED BY, CLIMBOUT NOSE BAGGAGE DOOR>
<STORAGE, LOCATION, TEST FLIGHT>"
ELEVATOR CONTROL JAMMED SHEN HARNESS CAUGHT ON ELEVATOR CABLE. STICK BOOT NOT FASTENED TO FLOOR. LANDED IN A FIELD.,"<ELEVATOR CONTROL, INSTANCE OF, JAMMED>
<ELEVATOR CONTROL, HAS EFFECT, STICK BOOT NOT FASTENED TO FLOOR>
<ELEVATOR CONTROL, EVENT DISTANCE, LANDED IN A FIELD>
<SHEN HARNESS, PART OF, ELEVATOR CABLE>","<ELEVATOR CONTROL, JAMMED, SHEN HARNESS>
<SHEN HARNESS, CAUGHT ON, ELEVATOR CABLE>
<STICK BOOT, NOT FASTENED TO, FLOOR>
<LANDED, IN, FIELD>","<ELEVATOR CONTROL, INSTANCE OF, JAMMED>
<ELEVATOR CONTROL, HAS EFFECT, STICK BOOT NOT FASTENED TO FLOOR>
<ELEVATOR CONTROL, EVENT DISTANCE, LANDED IN A FIELD>
<SHEN HARNESS, PART OF, ELEVATOR CABLE>","<ELEVATOR CONTROL, JAMMED, SHEN HARNESS>
<SHEN HARNESS, CAUGHT ON, ELEVATOR CABLE>
<STICK BOOT, NOT FASTENED TO, FLOOR>
<LANDED, IN, FIELD>"
LOST POWER EN ROUTE. LANDED ON PRIVATE STRIP. NOSED OVER. LEFT FUEL CAP LEAKED. PREVENTED GRAVITY FUEL FLOW.       ,"<LOST POWER, HAS EFFECT, LANDED ON PRIVATE STRIP>
<LANDED ON PRIVATE STRIP, HAS EFFECT, Nosed over>
<LEFT FUEL CAP LEAKED, HAS CAUSE, Prevented gravity fuel flow>","<LOST POWER, EVENT DISTANCE, EN ROUTE>
<LANDED ON, LOCATION, PRIVATE STRIP>
<NOSED OVER, HAS EFFECT, LEFT FUEL CAP LEAKED>
<LEFT FUEL CAP LEAKED, HAS EFFECT, PREVENTED GRAVITY FUEL FLOW>","<LOST POWER, HAS EFFECT, LANDED ON PRIVATE STRIP>
<LANDED ON PRIVATE STRIP, HAS EFFECT, Nosed over>
<LEFT FUEL CAP LEAKED, HAS CAUSE, Prevented gravity fuel flow>","<LOST POWER, EVENT DISTANCE, EN ROUTE>
<LANDED ON, LOCATION, PRIVATE STRIP>
<NOSED OVER, HAS EFFECT, LEFT FUEL CAP LEAKED>
<LEFT FUEL CAP LEAKED, HAS EFFECT, PREVENTED GRAVITY FUEL FLOW>"
ACFT DISPATCHER HARRASSMENT OF PILOT. PILOT FORGOT TO REMOVE TIEDROPE.                                             ,"<ACFT DISPATCHER, HAS CAUSE, HARRASSMENT OF PILOT>
<PILOT, HAS EFFECT, FORGOT TO REMOVE TIEDROPE>","<ACFT DISPATCHER, HASSA, PILOT>
<PILOT, FORGOT, TO REMOVE TIEDROPE>
<ACFT DISPATCHER, USED BY, PILOT>","<ACFT DISPATCHER, HAS CAUSE, HARRASSMENT OF PILOT>
<PILOT, HAS EFFECT, FORGOT TO REMOVE TIEDROPE>","<ACFT DISPATCHER, HASSA, PILOT>
<PILOT, FORGOT, TO REMOVE TIEDROPE>
<ACFT DISPATCHER, USED BY, PILOT>"
"(-23) THE HELICOPTER WAS IDLING ON THE HELIPAD, AND THE RPM CONTROL WAS BROUGHT UP TO FLY POSITION FOR THE TAKEOFF.","<RPM CONTROL, BROUGHT UP TO, FLY POSITION>
<HELICOPTER, LOCATION, HELIPAD>
<TAKEOFF, HAS EFFECT, RPM CONTROL>","<HELICOPTER, LOCATION, HELIPAD>
<RPM CONTROL, USED BY, HELICOPTER>","<RPM CONTROL, BROUGHT UP TO, FLY POSITION>
<HELICOPTER, LOCATION, HELIPAD>
<TAKEOFF, HAS EFFECT, RPM CONTROL>","<HELICOPTER, LOCATION, HELIPAD>
<RPM CONTROL, USED BY, HELICOPTER>"
"A COPPER TUBE, USED TO HOLD AERIAL BANNERS, FELL THROUGH THE ROOF OF A HOUSE. LOCAL OPERATOR IS BEING MONITORED.   ","<COPPER TUBE, USED TO, HOLD AERIAL BANNERS>
<COPPER TUBE, LOCATION, HOUSE>
<OPERATOR, BEING MONITORED, LOCAL>","<COPPER TUBE, USED BY, AERIAL BANNERS>
<ROOF OF A HOUSE, EVENT DISTANCE, COPPER TUBE>
<LOCAL OPERATOR, MAINTAINED BY, HOUSE>","<COPPER TUBE, USED TO, HOLD AERIAL BANNERS>
<COPPER TUBE, LOCATION, HOUSE>
<OPERATOR, BEING MONITORED, LOCAL>","<COPPER TUBE, USED BY, AERIAL BANNERS>
<ROOF OF A HOUSE, EVENT DISTANCE, COPPER TUBE>
<LOCAL OPERATOR, MAINTAINED BY, HOUSE>"
"MR. KADERA THEN ATTEMPTED TO LAND IN A FIELD BUT WAS FORCED TO LAND ON HIGHWAY 93. THREE MILES EAST OF SUNMER, IOWA","<MR. KADERA, LOCATED IN, FIELD>
<MR. KADERA, LANDED ON, HIGHWAY 93>
<LANDING EVENT, EVENT DISTANCE, 3 MILES>
<LANDING EVENT, LOCATION, SUNMER, IOWA>","<MRS. KADERA, ATTEMPTED TO LAND IN, FIELD>
<MRS. KADERA, FORCED TO LAND ON, HIGHWAY 93>
<MRS. KADERA, LOCATION, 3 MILES EAST OF SUNMER, IOWA>","<MR. KADERA, LOCATED IN, FIELD>
<MR. KADERA, LANDED ON, HIGHWAY 93>
<LANDING EVENT, EVENT DISTANCE, 3 MILES>
<LANDING EVENT, LOCATION, SUNMER, IOWA>","<MRS. KADERA, ATTEMPTED TO LAND IN, FIELD>
<MRS. KADERA, FORCED TO LAND ON, HIGHWAY 93>
<MRS. KADERA, LOCATION, 3 MILES EAST OF SUNMER, IOWA>"
"(.19) ON SEPTEMBER 23, 1999, AT 1900 HOURS PACIFIC DAYLIGHT TIME, A HOMEBUILT CIERNIA GLASAIR III, N153JC, EXPERIEN","<CIERNIA GLASAIR III, INSTANCE OF, HOMEBUILT>
<CIERNIA GLASAIR III, N153JC,>
<SEPTEMBER 23, 1999, TIME PERIOD, 1900 HOURS PACIFIC DAYLIGHT TIME>","<CIERNIA GLASAIR III, EVENT DISTANCE, SEPTEMBER 23, 1999>
<CIERNIA GLASAIR III, TIME PERIOD, 1900 HOURS PACIFIC DAYLIGHT TIME>
<CIERNIA GLASAIR III, LOCATION, N153JC>","<CIERNIA GLASAIR III, INSTANCE OF, HOMEBUILT>
<CIERNIA GLASAIR III, N153JC,>
<SEPTEMBER 23, 1999, TIME PERIOD, 1900 HOURS PACIFIC DAYLIGHT TIME>","<CIERNIA GLASAIR III, EVENT DISTANCE, SEPTEMBER 23, 1999>
<CIERNIA GLASAIR III, TIME PERIOD, 1900 HOURS PACIFIC DAYLIGHT TIME>
<CIERNIA GLASAIR III, LOCATION, N153JC>"
(-5)NOSE BAGGAGE CARGO CONSISTING OF A WOODEN WHEEL CHOCK SHIFTED DURING FLIGHT AND JAMMED THE NOSE LANDING GEAR ME,"<WOODEN WHEEL CHOCK, PART OF, NOSE BAGGAGE CARGO>
<SHIFTED, HAS CAUSE, JAMMED THE NOSE LANDING GEAR>
<JAMMED THE NOSE LANDING GEAR, EVENT DISTANCE, -5>",,"<WOODEN WHEEL CHOCK, PART OF, NOSE BAGGAGE CARGO>
<SHIFTED, HAS CAUSE, JAMMED THE NOSE LANDING GEAR>
<JAMMED THE NOSE LANDING GEAR, EVENT DISTANCE, -5>",
"EXPLOSION LIFTING LOGS. PITCHED UP, ROLLED. COMPRESSOR STALL NR1 ENGINE. FAILED RELEASE LOGS AND USE SE PROCEDURES.","<EXPLOSION, HAS EFFECT, LIFTING LOGS>
<LIFTING LOGS, PART OF, LOGS>
<COMPRESSOR STALL, HAS CAUSE, NR1 ENGINE>
<FAILED RELEASE LOGS, USED BY, SE PROCEDURES>","<EXPLOSION, LIFTING, LOGS>
<EXPLOSION, PITCHED UP, ROLLED>
<COMPRESSOR, STALL, NR1 ENGINE>
<COMPRESSOR, STALL, USE SE PROCEDURES>
<COMPRESSOR, FAILED, RELEASE LOGS>
<COMPRESSOR, FAILED, USE SE PROCEDURES>","<EXPLOSION, HAS EFFECT, LIFTING LOGS>
<LIFTING LOGS, PART OF, LOGS>
<COMPRESSOR STALL, HAS CAUSE, NR1 ENGINE>
<FAILED RELEASE LOGS, USED BY, SE PROCEDURES>","<EXPLOSION, LIFTING, LOGS>
<EXPLOSION, PITCHED UP, ROLLED>
<COMPRESSOR, STALL, NR1 ENGINE>
<COMPRESSOR, STALL, USE SE PROCEDURES>
<COMPRESSOR, FAILED, RELEASE LOGS>
<COMPRESSOR, FAILED, USE SE PROCEDURES>"
"(.19) ON FEBRUARY 19, 2000, AT 1825 EASTERN STANDARD TIME, A BEECH 1900D, N81SK, OPERATED AS SKYWAY AIRLINE FLIGHT ","<SKYWAY AIRLINE FLIGHT, OPERATED BY, BEECH 1900D>
<SKYWAY AIRLINE FLIGHT, TIME PERIOD, FEBRUARY 19, 2000>
<SKYWAY AIRLINE FLIGHT, TIME PERIOD, 1825 EASTERN STANDARD TIME>
<BEECH 1900D, DESIGNATION, N81SK>","<FLIGHT, TIME PERIOD, 2000>
<FLIGHT, EVENT DISTANCE, 1825 EASTERN STANDARD TIME>
<FLIGHT, USED BY, BEEC H1900D>
<FLIGHT, MAINTAINED BY, N81SK>
<FLIGHT, LOCATION, SKYWAY AIRLINE>","<SKYWAY AIRLINE FLIGHT, OPERATED BY, BEECH 1900D>
<SKYWAY AIRLINE FLIGHT, TIME PERIOD, FEBRUARY 19, 2000>
<SKYWAY AIRLINE FLIGHT, TIME PERIOD, 1825 EASTERN STANDARD TIME>
<BEECH 1900D, DESIGNATION, N81SK>","<FLIGHT, TIME PERIOD, 2000>
<FLIGHT, EVENT DISTANCE, 1825 EASTERN STANDARD TIME>
<FLIGHT, USED BY, BEEC H1900D>
<FLIGHT, MAINTAINED BY, N81SK>
<FLIGHT, LOCATION, SKYWAY AIRLINE>"
GROUND LOOPED ON LANDING. TAILWHEEL WAS FOUND JAMMED FAR RIGHT.                                                    ,"<GROUND LOOPED, INSTANCE OF, Landing>
<TAILWHEEL, FOUND, Jammed>
<TAILWHEEL, LOCATION, Far right>","<GROUND LOOPED, EVENT DISTANCE, LANDING>
<TAILWHEEL, CONDITION, JAMMED>
<TAILWHEEL, EVENT DISTANCE, FAR RIGHT>","<GROUND LOOPED, INSTANCE OF, Landing>
<TAILWHEEL, FOUND, Jammed>
<TAILWHEEL, LOCATION, Far right>","<GROUND LOOPED, EVENT DISTANCE, LANDING>
<TAILWHEEL, CONDITION, JAMMED>
<TAILWHEEL, EVENT DISTANCE, FAR RIGHT>"
ENGINE QUIT ON INITIAL CLIMBOUT. CRASH LANDED AVOIDING TREES. FOUND SELECTED FUEL TANK EMPTY. TRIP WAS TO GET FUEL.,"<ENGINE, HAS CAUSE, INITIAL CLIMBOUT>
<CRASH LANDING, HAS EFFECT, AVOIDING TREES>
<SELECTED FUEL TANK, FOUND, EMPTY>
<TRIP, TIME PERIOD, GET FUEL>","<ENGINE QUIT, EVENT DISTANCE, INITIAL CLIMBOUT>
<CRASH LANDED, LOCATION, AVOIDING TREES>
<FUEL TANK, STATE, EMPTY>
<TRIP, PURPOSE, GET FUEL>
<TRIP, LOCATION, SELECTED FUEL TANK>","<ENGINE, HAS CAUSE, INITIAL CLIMBOUT>
<CRASH LANDING, HAS EFFECT, AVOIDING TREES>
<SELECTED FUEL TANK, FOUND, EMPTY>
<TRIP, TIME PERIOD, GET FUEL>","<ENGINE QUIT, EVENT DISTANCE, INITIAL CLIMBOUT>
<CRASH LANDED, LOCATION, AVOIDING TREES>
<FUEL TANK, STATE, EMPTY>
<TRIP, PURPOSE, GET FUEL>
<TRIP, LOCATION, SELECTED FUEL TANK>"
CRASHED AND BURNED. (.4)WITNESSES REPORTED THAT AFTER DEPARTURE FROM A GRASS RUNWAY. THE AIRPLANE REACHED AN ALTITU,"<CRASHED AND BURNED, INSTANCE OF, AIRPLANE>
<CRASHED AND BURNED, EVENT DISTANCE, GRASS RUNWAY>","<CRASHED AND BURNED, EVENT DISTANCE, AFTER DEPARTURE FROM A GRASS RUNWAY>
<CRASHED AND BURNED, LOCATION, GRASS RUNWAY>","<CRASHED AND BURNED, INSTANCE OF, AIRPLANE>
<CRASHED AND BURNED, EVENT DISTANCE, GRASS RUNWAY>","<CRASHED AND BURNED, EVENT DISTANCE, AFTER DEPARTURE FROM A GRASS RUNWAY>
<CRASHED AND BURNED, LOCATION, GRASS RUNWAY>"
LOUD POP ON TAKEOFF ROLL. LOST RUDDER CONTROL. EXITED RWY INTO CORNFIELD. HAD FAILED TO LOCK THE TAILWHEEL. (-23) M,"<POP ON TAKEOFF ROLL, HAS CAUSE, LOST RUDDER CONTROL>
<LOST RUDDER CONTROL, HAS CAUSE, EXITED RWY INTO CORNFIELD>
<FAILED TO LOCK THE TAILWHEEL, HAS CAUSE, (-23)>","<LOUD POP, EVENT DISTANCE, TAKEOFF ROLL>
<LOUD POP, EVENT DISTANCE, EXITED RWY INTO CORNFIELD>
<LOUD POP, EVENT DISTANCE, HAD FAILED TO LOCK THE TAILWHEEL>
<FAILED TO LOCK THE TAILWHEEL, EVENT DISTANCE, (-23)>","<POP ON TAKEOFF ROLL, HAS CAUSE, LOST RUDDER CONTROL>
<LOST RUDDER CONTROL, HAS CAUSE, EXITED RWY INTO CORNFIELD>
<FAILED TO LOCK THE TAILWHEEL, HAS CAUSE, (-23)>","<LOUD POP, EVENT DISTANCE, TAKEOFF ROLL>
<LOUD POP, EVENT DISTANCE, EXITED RWY INTO CORNFIELD>
<LOUD POP, EVENT DISTANCE, HAD FAILED TO LOCK THE TAILWHEEL>
<FAILED TO LOCK THE TAILWHEEL, EVENT DISTANCE, (-23)>"
"CANOPY CAME OPEN ON CLIMBOUT CAUSING AN UNCONTROLLED GROUND COLLISION, NO DEFECTS REPORTED. APPEARS PILOT ERROR.   ","<CANOPY, INSTANCE OF, GROUND COLLISION>
<GROUND COLLISION, HAS CAUSE, CANOPY OPEN>
<GROUND COLLISION, TIME PERIOD, CLIMBOUT>
<PILOT ERROR, INFLUENCED BY, CANOPY OPEN>","<CANOPY, CAUSE, UNCONTROLLED GROUND COLLISION>
<CANOPY, APPEARS, PILOT ERROR>
<UNCONTROLLED GROUND COLLISION, NO DEFECTS, REPORTED>","<CANOPY, INSTANCE OF, GROUND COLLISION>
<GROUND COLLISION, HAS CAUSE, CANOPY OPEN>
<GROUND COLLISION, TIME PERIOD, CLIMBOUT>
<PILOT ERROR, INFLUENCED BY, CANOPY OPEN>","<CANOPY, CAUSE, UNCONTROLLED GROUND COLLISION>
<CANOPY, APPEARS, PILOT ERROR>
<UNCONTROLLED GROUND COLLISION, NO DEFECTS, REPORTED>"
(-23) PILOT FAILED TO ASSURE THE OIL FILLER CAP WAS SECURE AND TOOK OFF. OIL WAS OBSERVED COMING OUT OF THE ENGINE ,"<PILOT, USED BY, OIL FILLER CAP>
<OIL FILLER CAP, HAS EFFECT, OIL COMING OUT>
<ENGINE, HAS EFFECT, OIL COMING OUT>
<TAKING OFF, FOLLOWED BY, OIL WAS OBSERVED>
<PILOT, INFLUENCED BY, FAILED>","<PILOT, HAS CAUSE, OIL FILLER CAP NOT SECURE>
<OIL, HAS EFFECT, COMING OUT OF THE ENGINE>","<PILOT, USED BY, OIL FILLER CAP>
<OIL FILLER CAP, HAS EFFECT, OIL COMING OUT>
<ENGINE, HAS EFFECT, OIL COMING OUT>
<TAKING OFF, FOLLOWED BY, OIL WAS OBSERVED>
<PILOT, INFLUENCED BY, FAILED>","<PILOT, HAS CAUSE, OIL FILLER CAP NOT SECURE>
<OIL, HAS EFFECT, COMING OUT OF THE ENGINE>"
