id,sample,entities_predicted,entity_types_predicted
19990213001379A,"ACFT WAS TAXIING FOR TAKE OFF WHEN IT LOST CONTROL, RAN INTO A DITCH, AND STRUCK A TREE. OTHER CIRCUMSTANCES AE UNK",[],[]
19800217031649I,"AFTER TAKEOFF, ENGINE QUIT. WING FUEL TANK SUMPS WERE NOT DRAINED DURING PREFLIGHT BECAUSE THEY WERE FROZEN.       ","['ENGINE', 'PREFLIGHT']","['SYSTEM', 'PROCEDURE']"
19790720021329A,HELICOPTER TOOK OFF WITH SLING LOAD ATTACHED. CRASHED WHEN LOAD WEDGED IN TREES. IMPROPER PREFLIGHT.               ,"['HELICOPTER', 'SLING LOAD', 'CRASH', 'TREES', 'PREFLIGHT']",[]
19841214074599I,WHILE TAXIING LOST NOSEWHEEL STEERING AND BRAKES. STRUCK 2 AIRCRAFT AND FENCE. CIRCUIT BREAKER HYDRAULIC PUMP OPEN.,"['NOSEWHEEL', 'STEERING', 'BRAKES', 'AIRCRAFT', 'CIRCUIT BREAKER', 'HYDRAULIC PUMP']",[]
19860128014289I,FORWARD CARGO DOOR OPENED AS AIRCRAFT TOOK OFF. OBJECTS DROPPED OUT. RETURNED. FAILED TO SEE WARNING LIGHT.        ,"['AIRCRAFT', 'OBJECTS', 'WARNING LIGHT']","['VEHICLE', 'SUBJECT', 'LIGHT']"
20000215010329A,"(-23) MR. TIMOTHY ALLEN WELLS WAS ACTING AS PILOT IN COMMAND OF A BELL HELICOPTER MODEL BHT-47-G5, N4754R, ENGAGED ","['MR. TIMOTHY ALLEN WELLS', 'PILOT', 'BELL HELICOPTER', 'MODEL BHT-47-G5', 'N4754R']","['PERSON', 'ROLE', 'VEHICLE', 'VEHICLE SPECIFICATION', 'Aircraft Identifier']"
19801116083749I,FORCED LANDING AFTER ONE ENGINE QUIT;FOUND ICE IN AUXILIARY FUEL SYSTEM.                                           ,"['ENGINE', 'AUXILIARY FUEL SYSTEM', 'AIRCRAFT']","['SYSTEM', 'SYSTEM', 'VEHICLE']"
19850315007389A,PILOT WAS DESCENDING TO LOWER ALTITUDE DUE TO ICING. LOST CONTROL. ALTIMETER NOT IFR CERTIFIED. ICING FORECAST.    ,"['PILOT', 'ICING', 'ALTITER (REDACTED)', 'FORECAST']",[]
20070630826079I,(-23) AIRCRAFT DEPARTED RAY AIRPORT AND AFTER TAKEOFF INTO THE CLIMB AIRCRAFT ENGINE STARTED TO HAVE PROBLEMS. PILO,"['AIRCRAFT', 'RAY AIRPORT', 'CLIMB', 'PILO']",[]
19900425011659A,RAN OUT OF FUEL ON FERRY FLIGHT. LEFT PONTOON SEPARATED LANDING IN A POND. FUEL CAP NOT SECURED. FUEL SIPHONED.    ,"['FERRY FLIGHT', 'PONTOON', 'LANDING', 'FUEL CAP', 'FUEL SIPHON']",[]
19991230042089A,"(.4)THE PILOT SAID THAT SHORTLY AFTER TAKEOFF, THE ENGINE 'STARTED CUTTING OUT AND WAS NOT DEVELOPING ENOUGH POWER ","['PILOT', 'TAKEOFF', 'ENGINE']","['PERSON', 'PHASE', 'SYSTEM']"
19820725041999I,"LOOSE COWLING ON TAKEOFF. COWLING CAME OFF ON RETURNING TO LAND. CRACKED WINDSHIELD, DENTED STABILIZER.            ",[],[]
19940412011509I,AIRCRAFT POPPED OPEN ON DESCENT. FLIGHT MANUAL FLEW OUT AND STRUCK TRUCK WINDSHIELD ON GROUND. LANDED SAFELY.      ,"['AIRCRAFT', 'FLIGHT MANUAL', 'TRUCK', 'GROUND']",[]
19971226042729I,NR2 ENGINE FIRE WHILE LOADING PASSENGERS AT GATE. EVACUATED. FUEL LEVER WAS IN FLIGHT IDLE. CUT OFF. SMOKE CLEARED.,"['NR2', 'ENGINE', 'FUEL LEVER']",[]
19950619021589I,AFTER DEPARTING HIGH OIL TEMP. LANDED OFF AIRPOR. SHEARED MAIN GEAR. FOUND LOW ON OIL.                             ,[],[]
19940815046149I,BATTERY COMPARTMENT DOOR CAME OPEN. ANTENNA CRACKED WINDSHIELD.                                                    ,[],[]
19860228038269I,RETURNED WHEN NOSE GEAR FAILED TO RETRACT. FOUND THAT PIN HAD NOT BEEN REMOVED AFTER PREVIOUS MAINTENANCE.         ,"['NOSE GEAR', 'PIN']",['SYSTEM']
19790718019229I,GROUND STAND BAGGAGE CART WITH INOPERATIVE BRAKES ROLLED INTO SIDE OF PARKED AIRCRAFT. 9 INCH TEAR IN FUSELAGE.    ,[],[]
20000625032189I,(-23)NORTHWEST AIRLINES DC-10 BOEING PUSHED BACK FOR REPOSITIONING OFF OF GATE B-52 STRUCK A CONTINENTAL AIRLINES D,[],[]
19860530030499A,ENGINE OVERHEAT. HOT OIL SMELL.KNEW HE HAD FAILED TO REMOVE AIR INTAKE PLUGS. NOSED OVER IN FURROWS PLOWED FAILED  ,"['ENGINE', 'OIL', 'AIR INTAKE PLUGS', 'NOSE']",[]
19821117066379I,PILOT UNABLE TO PRESSURIZE. FOUND ACCESS DOOR SLIGHTLY OPEN. DEPRESSURIZED. DOOR OPENED FULLY. STOPPED BY FUSELAGE.,"['PILOT', 'DOOR', 'FUSELAGE']",[]
19810303007119A,VEERED OFF RUNWAY ON LANDING.  HIT PARKED AIRPLANE.  NEWLY INSTALLED CARPETING RESTRICTED RUDDER PEDAL MOVEMENT.   ,[],"['LOCATION', 'VEHICLE']"
19950602032329I,VEERED OFF TAXIWAY. STRUCK TAXIWAY LIGHT. WAS ADVISED DAMAGED PROP. CONTINUED TO LIT.                              ,"['TAXIWAY', 'LIGHT', 'PROP']",[]
19901101064289I,FUEL CAP MISSING FROM RIGHT TANK AND GAS ESCAPING WHILE TAXIING. REPLACED CAP. RESUMED FLIGHT WITHOUT CLEANING WING,"['FUEL CAP', 'TANK', 'GAS', 'REPLACED CAP']",[]
20050713014239I,"(-23) ON JULY 13, 2005, AT 1535 MST, AN RAYTHEON AIRCRAFT CO. B36TC (BONANZA), N3042V REGISTERED TO HAVENS LEASING ","['JULY 13', '2005']","['DATE', 'DATE']"
19860706034879A,THE ENGINE LOST POWER ON TAKEOFF AND THE AIRCRAFT FLIPPED ON LANDING.PILOT HAD JUST FILLED TANKS. WATER IN FUEL.   ,"['ENGINE', 'TAKEOFF', 'AIRCRAFT', 'PILOT', 'TANKS', 'WATER']","['SYSTEM', 'PHASE', 'VEHICLE', 'PERSON', 'SYSTEM', 'SUBSTANCE']"
19840121015319I,ENGINE FAILED AFTER TAKEOFF. TRIED TO MAKE A ROAD BUT DRIFTED OFF THE EDGE. FOUND SOLID ICE IN CARBURETOR BOWL.    ,"['ENGINE', 'TAKEOFF', 'CARBURETOR BOWL']","['SYSTEM', 'PHASE', 'LOCATION']"
19950527014439A,LOST CONTROL ON CLIMBOUT AFTER TOW RELEASE. ROLLED BOTH WAYS. SPIRAL TO IMPACT. NEGLECTED TO CONNECT RIGHT AILERON.,"['CLIMBOUT', 'TOW RELEASE', 'SPIRAL', 'RIGHT AILERON']","['PHASE', 'EVENT', ' EVENT', 'COMPONENT']"
19960322013629I,NARRATIVE: THE AIRCRAFT WAS BEING FERRIED FOR MAINTENANCE. THE GEAR BLOCKED DOWN AND THE NOSE BLOCK FELL OUT DURING,"['AIRCRAFT', 'GEAR', 'NOSE']",[]
19960504009509A,FAILED TO DETACH TRAILER TIE DOWN FROM SKID. LOST CONTROL AND ROLLED ON LIFT OFF. (-23) PILOT FAILED TO FULLY DETAC,"['TRAILER', 'SKID', 'PILOT']",[]
19790211002709A,AIRCRAFT FAILED TO LIFTOFF RUNWAY. RAN OFF END INTO SNOW BANK. FROST ON AIRFRAME.                                  ,"['AIRCRAFT', 'RUNWAY']","['VEHICLE', 'LOCATION']"
19850418016709I,ENGINE POWER FAILURE WHILE DOING AEROBATICS. LANDED IN FIELD. PILOT DID NOT VISUALLY INSPECT FUEL TANKS.           ,"['ENGINE', 'AEROBATICS', 'FIELD']","['SYSTEM', 'ACTIVITY', 'LOCATION']"
19780913017419I,ABORTED TAKEOFF WHEN FRONT BAGGAGE DOOR POPPED OPEN.                                                               ,['FRONT BAGGAGE DOOR'],['COMPARTMENT']
19781113027039I,PILOT TAXIED INTO UNMARKED DITCH AT END OF TAXIWAY.                                                                ,"['PILOT', 'DITCH', 'TAXIWAY']",[]
19870606018859A,UNABLE TO STAY AIRBORNE ON TAKEOFF. ABORTED AND GROUND LOOPED INTO A TREE TO AVOID OVERRUN. MAG SWITCH ON ONE MAG. ,"['TAKEOFF', 'LOOP', 'TREE']","['PHASE', 'MOVEMENT', 'LOCATION']"
19990714022959I,(-23) ACCORDING TO THE PILOT HE DEPARTED FRONT RANGE AIRPORT DURING THE HOURS OF DARKNESS. DURING THE START AND RUN,"['FRONT RANGE AIRPORT', 'PILOT']","['LOCATION', 'PERSON']"
19870319012959I,NOSE GEAR WOULD NOT RETRACT AFTER TAKEOFF. RETURNED AND FOUND PIN WAS INSTALLED.                                   ,"['NOSE GEAR', 'PIN']","['PART', 'OBJECT']"
20050504010229A,"(-23) A SIKORSKY S-70A, N160LA, ENCOUNTERED A VIBRATION AFTER THE APU DOOR STRUCK A MAIN ROTOR BLADE INFLIGHT NEAR ",[],[]
20050429009279I,(-23) THE PILOT WAS TAXIING THE AIRCRAFT TO PARKING FOLLOWING A CARGO TRIP. UPON REACHING A POINT WHERE THE TAXIWAY,"['PILOT', 'AIRCRAFT', 'TAXIWAY']",[]
19890723054159I,AFTER LANDING IT WAS DETERMINED THERE WAS INSUFFICIENT NUMBER OF SEATS AND OXYGEN MASKS FOR PASSENGERS ONBOARD.    ,[],[]
19970523014439I,NARRATIVE: THE CARGO DOOR WAS LATCHED BEFORE TAKEOFF BY MR. BOWEN. RUNWAY CONDITIONS AT STEVEN'S VILLAGE WAS EXTREM,"['CARGO DOOR', ""STEVEN'S VILLAGE""]","['VEHICLE FEATURE', 'LOCATION']"
19970908038069A,TIRED TAXI WITH TIEDOWN CHAINS ATTACHE. ROLLED OVER. PILOT FAILED NOTE RAMP PERSON TIED SKIDS DUE HIGH WIND.       ,"['TIRED TAXI', 'PILOT', 'RAMP', 'SKIDS']","['VEHICLE', 'PERSON', 'LOCATION', 'DEVICE']"
19781108022239I,BAGGAGE CART WAS BLOWN INTO PARKED AIRCRAFT BY JET BLAST. BRAKES WERE INOPERATIVE ON CART.                         ,"['BAGGAGE CART', 'JET BLAST', 'AIRCRAFT', 'BRAKES']",[]
19760606015529A,SUFFICIENT OPPORTUNITY EXISTED TO RELEASE WHEN GLIDER ASSUMED NOSE HIGH ATTITUDE.                                  ,"['GLIDER', 'NOSE', 'HIGH ATTITUDE']",[]
20051009024969I,(-23) ^PRIVACY DATA OMITTED^ HELICOPTER ENGINE POWER CHECKS WERE BEING CONDUCTED BY PILOT AND ONE CREWMEMBER. DURIN,[],[]
19930530020029I,PILOT LOST CONTROL OF AIRCRAFT ON TAKEOFF ROLL. PILOTS SEAT WAS NOT LOCKED IN POSITION AND SLID AFT ON ACCELARATION,"['PILOT', 'AIRCRAFT', 'PILOTS SEAT']","['PERSON', 'VEHICLE', 'PART OF VEHICLE']"
19801230089799I,"FLAT NOSE STRUT FAILED TO EXTEND BEFORE RETRACTION. IT CAUGHT ON AIRPLANE STRUCTURE, BROKE THE BELLCRANK. COLLAPSED","['FLAT NOSE STRUT', 'AIRPLANE STRUCTURE', 'BELLCRANK']",[]
19980508008619A,LOST POWER ENROUTE. NOSED OVER LANDING ON A SLOPE. NO EVIDENCE OF FUEL AT SCENE. FAILED TO VISUALLY CHECK FUEL.. (.,"['POWER', 'SCENE', 'FUEL', 'SLOPE']","['PHENOMENON', 'LOCATION', 'SYSTEM', 'LOCATION']"
19940818022409A,LOST LEFT ENGINE NEAR H71. FEATHERED. HIGH . BEGAN GO AROUND BELOW VMC. CRASHED. BAD OIL LEAK. CRACKED ENGINE CASE.,"['ENGINE', 'LOCATION', 'VEHICLE', 'OIL LEAK']",[]
19920405008919A,"ATTEMPTED TAKEOFF FROM 2500 FT SOD STRIP.GUSTY NORTH WIND,HIT TREES OFF END OF STRIP CRASHED.                      ","['2500 FT', 'SOD STRIP', 'WIND', 'TREES']",[]
19840821046409A,CRASH OCCURRED DURING FORCED LANDING AFTER ENGINE FAILURE DURING TAKEOFF. AIRCRAFT HAD NOT HAD ANNUAL INSPECTION.  ,"['CRASH', 'ENGINE', 'TAKEOFF', 'AIRCRAFT', 'ANNUAL INSPECTION']","['EVENT', 'SYSTEM', 'PHASE', 'VEHICLE', 'PROCEDURE']"
19950216008379I,"NARRATIVE: THE PILOT OF CESSNA 207, N1549U STATED THAT AFTER TAKEOFF FROM THE BETHEL AIRPORT, THE ENGINE STOPPED RU","['PILOT', 'CESSNA 207', 'BETHEL AIRPORT', 'ENGINE']","['PERSON', 'Aircraft Model', 'LOCATION', 'SYSTEM']"
19850525020799A,TOUCHED DOWN LONG AND BOUNCED. ATTEMPTED DOWNWIND GO AROUND WITH FULL FLAPS. STRUCK TREE 3 MILES FROM AIRPORT.     ,"['AIRPORT', 'TREE']","['LOCATION', 'LOCATION']"
19861114075329I,ENTERED TCA WITHOUT ATC COMMUNICATION. PILOT WAS AWARE OF MALFUNCTIONING ENCODING ALTIMETER.                       ,[],['AIRPORT CODE']
20010421009329I,"(-23)AIRCRAFT WAS IN CRUISE FLIGHT, THERE WAS A RPM LOSS AND PILOT COULD NOT MAINTAIN ALTITUDE. PILOT MADE AN EMERG","['(-23)AIRCRAFT', 'RPM LOSS']",[]
19960524045629A,NOSE BAGGAGE DOOR OPENED ON TAKEOFF. BAGGAGE HIT LEFT PROP. GOT BELWO UMC. LANDED ON SEA ICE. WILL FLY DOOR OPEN.  ,"['NOSE', 'BAGGAGE', 'DOOR', 'TAKEOFF', 'BAGGAGE', 'LEFT PROP', 'BELWO', 'UMC', 'SEA', 'ICE', 'FLY', 'DOOR']",[]
19871211075169A,ROUGH ENGINE ON CLIMBOUT. LANDED ON CITY STREET. SPARK PLUGS OUT OF TOLERENCE. FOUND PRIMER UNLOCKED.              ,"['ENGINE', 'CLIMBOUT', 'CITY STREET', 'SPARK PLUGS', 'PRIMER']",[]
20010910029739I,"(-23) DURING TAXI OUT, CFI NOTICED NOSE LANDING GEAR GREEN LIGHT WAS OUT. SHE ATTEMPTED TO SWAP LIGHTS TO VERIFY TH","['CFI', 'NOSE LANDING GEAR', 'GREEN LIGHT']","['PERSON', 'SYSTEM', 'LIGHT']"
19871027060859A,"ELECTRIC POWER LOST ON IFR DUAL FLIGHT. STRUCK POWER POLE ON FORCED LANDING, FOUND CIRCUIT BREAKER OFF. PILOT ERROR","['ELECTRIC POWER', 'IFR DUAL FLIGHT', 'POWER POLE', 'CIRCUIT BREAKER']",[]
19980616023109I,LOUD BANG AND SHUDDER ENROUTE. SAW SPARKS AT ROTOR. RETURNED. ENGINE COWLING SEPERATED. COWL NOT FASTENED.         ,"['LOUD BANG', 'SHUDDER', 'SPARKS', 'ROTOR', 'ENGINE', 'COWL']",[]
19910710026989A,REPORTED PROBLEM ON CLIMBOUT. STALLED AND CRASHED. NO LOCKING PINS IN SEAT TRACK. SEAT PIN BENT. BELT NOT FASTENED ,"['CLIMBOUT', 'STALLED', 'CRASHED', 'LOCKING PINS', 'SEAT PIN', 'BELT']",[]
19780509032859I,FORCED LANDING AFTER POWER LOSS. FOUND WATER IN FUEL.                                                              ,"['FORCED LANDING', 'POWER LOSS', 'WATER', 'FUEL']",[]
19800506012169A,LOST CONTROL OF AIRPLANE ON TAKEOFF ROLL. FAILED TO REMOVE AILERON-ELEVATOR LOCK PIN.                              ,"['AIRPLANE', 'TAKEOFF ROLL', 'AILERON-ELEVATOR LOCK PIN']","['VEHICLE', 'PHASE', 'SYSTEM']"
19791128035159A,"PILOT LANDED TO WAIT OUT RAIN SHOWER. ON CLIMBOUT, ENGINE RAN ROUGH. PILOT LANDED IN FIELD. CLAIMS WATER IN FUEL.  ","['PILOT', 'RAIN SHOWER', 'ENGINE', 'FIELD', 'WATER']",[]
20060621012279A,"(-23) THE PILOT ^PRIVACY DA^ STATED THAT DURING TAKEOFF (AT ROTATION) HIS SEAT SLID BACK, CAUSING HIM TO OVERROTATE","['PILOT', 'ROTATION']",[]
19950314029269I,"NARRATIVE: ON MARCH 14, 1995, N7016M, AN AMATEUR BUILT AIRCRAFT, MADE AN EMERGENCY OFF AIRPORT LANDING NEAR THE BLO","['N7016M', 'MARCH 14, 1995', 'AIRCRAFT', 'BLO']",[]
19800804037399A,EARLY FUEL EXHAUSTION FROM FUEL SIPHONING FROM IMPROPERLY SECURED VENT CAP. OVERSHOT EMERGENCY LANDING AREA.       ,"['FUEL', 'VENT', 'EMERGENCY LANDING AREA']",[]
19780402008409I,TAXIING AIRCRAFT STRUCK PARKED AIRCRAFT. FOUND WORN OUT & INEFFECTIVE BRAKES AS CAUSE.                             ,"['AIRCRAFT', 'BRAKES']","['VEHICLE', 'SYSTEM']"
19890725041869I,ON ENGINE START PILOTS SEAT WENT TO FULL AFT POSITION. PUSH THROTTLE IN FULL. AIRCRAFT COLLIDED WITH PARKED PLANE. ,"['ENGINE', 'PILOTS SEAT', 'AIRCRAFT', 'PLANE']",[]
19911222062669I,AFTER LIFTOFF PILOT NOTICED RIGHT FUEL CAP MISSING. ABORTED. LANDED ON SAME RUNWAY. RAN OFF SIDE OF RUNWAY.        ,"['LIFTOFF', 'PILOT', 'FUEL CAP']","['PHASE', 'PERSON', 'OBJECT']"
20030607012509A,"(-23) THE AIRCRAFT DEPARTED BARTLESVILLE MUNICIPAL AIRPORT (BVO) BARTLESVILLE, OK AT 1147 AM LOCAL TIME FOR A LOCAL",[],[]
19801005072789I,PILOT RAN OFF END OF RUNWAY WHEN REMAINING BRAKE FAILED.                                                           ,"['PILOT', 'RUNWAY', 'BRAKE']","['PERSON', 'LOCATION', 'SYSTEM']"
19781210024199I,WHEELS LOCKED UP AFTER SEVERAL TOUCH AND GO LANDINGS DUE TO SNOW PACKED IN THE WHEEL PANTS.                        ,"['SEVERAL', 'TOUCH AND GO', 'SNOW']",[]
19950804028629A,LOST POWER LANDED HARD IN ROUGH WATER. DAMAGED FLOATS AND LONGERON. WATER IN FUEL. MISREAD WATER IN SUMP TO BE FUEL,"['POWER', 'WATER', 'FLOATS', 'LONGERON', 'FUEL', 'SUMP']",[]
20040304003309I,"(-23) AFTER NORMAL TOUCHDOWN THE AIRCRAFT STARTED SLIDING OR HYDROPLANING TOWARD LEFT SIDE OF RUNWAY, AIRCRAFT STRU",[],[]
19780427013859I,ENGINE COWLING SEPARATED FROM ENGINE IN FLIGHT.                                                                    ,"['ENGINE', 'COWLING']","['SYSTEM', 'COMPONENT']"
20070202001609A,"(-23) ON A FLIGHT FROM NOTH PLATTE, NE, TO IOWA CITY, IA, (487 STATUTE MILES) THE AIRCRAFT LOST POWER NEAR GRINNELL",[],[]
19780916024019A,TIE DOWN STRAP ACROSS LEFT SKID CAUGHT ON TRAILER AND TETHERED HEPER.                                              ,"['TIE DOWN STRAP', 'LEFT SKID', 'TRAILER', 'HEPER']",[]
20060718018299I,(-23) THE PILOT IN COMMAND (PIC) FAILED TO ENSURE ALL FUEL TANK CAPS WERE SECURELY FASTENED PRIOR TO DEPARTURE. SUB,"['(-23)', 'PILOT IN COMMAND (PIC)']",[]
20040925025079A,(-23) FUEL CONTAMINATION IN AIRFRAME FUEL FILTER AS WELL AS IN FUEL FILTER AND ENGINE DRIVEN FUEL PUMP FILTER. THE ,"['FUEL CONTAMINATION', 'AIRFRAME', 'FUEL FILTER', 'ENGINE DRIVEN FUEL PUMP FILTER']",[]
19961027033759A,PRIOR DEMO FLIGHT. CONNECTING ROD BENT BY HYDRO LOCK IN NR5 CYL ON STARTUP. BROKE. HIT COUNTER WT. BROKE PORP SHAFT,[],[]
19870309039779I,"WHILE TAXIING, THE AIRCRAFT STRUCK N106DA WHICH WAS PARKED.  PILOT WAS UNAWARE OF BRAKE PROBLEMS ON THE AIRCRAFT.  ","['N106DA', 'AIRCRAFT', 'PILOT']","['AIRCRAFT ID/REGISTRATION NUMBER', 'VEHICLE', 'PERSON']"
20020619014309A,"(-23) N759TY, CE-182 WAS EN ROUTE FROM HOT SPRINGS, ARKANSAS TO FAYETTEVILLE, TENNESSEE, WHEN THE AIRCRAFT ENGINE Q","['N759TY', 'CE-182', 'HOT SPRINGS', 'FAYETTEVILLE', 'TENNESSEE', 'AIRCRAFT', 'ENGINE']","['AIRLINE CODE', 'AIRCRAFT TYPE', 'LOCATION', 'LOCATION', 'LOCATION', 'SYSTEM', 'SYSTEM']"
19951031041599A,ON CLIMBOUT NOSE BAGGAGE DOOR OPENED. REDUCED POWER. STALLED. ROLLED. DIVED INTO OCEAN. TEST FLIGHT FROM STORAGE.  ,"['CLIMBOUT', 'NOSE', 'BAGGAGE', 'DOOR', 'POWER', 'OCEAN']",[]
19850729066139I,ELEVATOR CONTROL JAMMED SHEN HARNESS CAUGHT ON ELEVATOR CABLE. STICK BOOT NOT FASTENED TO FLOOR. LANDED IN A FIELD.,"['ELEVATOR', 'SHEN', 'HARNESS', 'CABLE', 'STICK', 'BOOT', 'FLOOR', 'FIELD']",[]
19940226003029A,LOST POWER EN ROUTE. LANDED ON PRIVATE STRIP. NOSED OVER. LEFT FUEL CAP LEAKED. PREVENTED GRAVITY FUEL FLOW.       ,"['POWER', 'LANDED', 'FUEL', 'GRAVITY']","['SYSTEM', 'OBJECT', 'ACTION', 'CONCEPT']"
19780111000459A,ACFT DISPATCHER HARRASSMENT OF PILOT. PILOT FORGOT TO REMOVE TIEDROPE.                                             ,"['ACFT', 'DISPATCHER', 'PILOT', 'TIEDROPE']","['VEHICLE', 'PERSON', 'PERSON', 'CONCEALED CARGO']"
20010411006739I,"(-23) THE HELICOPTER WAS IDLING ON THE HELIPAD, AND THE RPM CONTROL WAS BROUGHT UP TO FLY POSITION FOR THE TAKEOFF.","['HELICOPTER', 'HELIPAD', 'RPM', 'TAKEOFF']",[]
19870816062719I,"A COPPER TUBE, USED TO HOLD AERIAL BANNERS, FELL THROUGH THE ROOF OF A HOUSE. LOCAL OPERATOR IS BEING MONITORED.   ","['COPPER TUBE', 'HOUSE']","['OBJECT', 'LOCATION']"
19980620030289I,"MR. KADERA THEN ATTEMPTED TO LAND IN A FIELD BUT WAS FORCED TO LAND ON HIGHWAY 93. THREE MILES EAST OF SUNMER, IOWA","['KADERA', 'FIELD', 'HIGHWAY 93', 'SUNMER', 'IOWA']","['PERSON', 'LOCATION', 'ROAD', 'LOCATION', 'LOCATION']"
19990923027739A,"(.19) ON SEPTEMBER 23, 1999, AT 1900 HOURS PACIFIC DAYLIGHT TIME, A HOMEBUILT CIERNIA GLASAIR III, N153JC, EXPERIEN","['SEPTEMBER', 'PACIFIC DAYLIGHT TIME', 'CIERNIA GLASAIR III', 'N153JC']","['DATE', 'TIME ZONE', 'AIRCRAFT', 'IDENTIFIER']"
19980415037339I,(-5)NOSE BAGGAGE CARGO CONSISTING OF A WOODEN WHEEL CHOCK SHIFTED DURING FLIGHT AND JAMMED THE NOSE LANDING GEAR ME,"['WHEEL', 'NOSE', 'GEAR', 'FLIGHT']","['PART', 'LOCATION', 'SYSTEM', 'PHASE']"
19950826026019A,"EXPLOSION LIFTING LOGS. PITCHED UP, ROLLED. COMPRESSOR STALL NR1 ENGINE. FAILED RELEASE LOGS AND USE SE PROCEDURES.","['EXPLOSION', 'LOGS', 'COMPRESSOR', 'NR1', 'ENGINE']","['INCIDENT', 'ENTITY', 'COMPONENT', 'LOCATION', 'SYSTEM']"
20000215041409A,"(.19) ON FEBRUARY 19, 2000, AT 1825 EASTERN STANDARD TIME, A BEECH 1900D, N81SK, OPERATED AS SKYWAY AIRLINE FLIGHT ","['BEECH 1900D', 'SKYWAY AIRLINE', 'FEBRUARY', 'EASTERN STANDARD TIME']","['Aircraft Model', 'Airline', 'Date', 'Time Zone']"
19860514036219I,GROUND LOOPED ON LANDING. TAILWHEEL WAS FOUND JAMMED FAR RIGHT.                                                    ,"['GROUND', 'TAILWHEEL']","['LOCATION', 'VEHICLE']"
19880527016939A,ENGINE QUIT ON INITIAL CLIMBOUT. CRASH LANDED AVOIDING TREES. FOUND SELECTED FUEL TANK EMPTY. TRIP WAS TO GET FUEL.,"['ENGINE', 'CLIMBOUT', 'CRASH', 'FUEL TANK', 'TRIP']",[]
19960418007829A,CRASHED AND BURNED. (.4)WITNESSES REPORTED THAT AFTER DEPARTURE FROM A GRASS RUNWAY. THE AIRPLANE REACHED AN ALTITU,[],[]
19970828026989A,LOUD POP ON TAKEOFF ROLL. LOST RUDDER CONTROL. EXITED RWY INTO CORNFIELD. HAD FAILED TO LOCK THE TAILWHEEL. (-23) M,"['TAKEOFF ROLL', 'RUDDER', 'RWY', 'TAILWHEEL']","['PHASE', 'PART', 'LOCATION', 'PART']"
19870523018729A,"CANOPY CAME OPEN ON CLIMBOUT CAUSING AN UNCONTROLLED GROUND COLLISION, NO DEFECTS REPORTED. APPEARS PILOT ERROR.   ","['CANOPY', 'CLIMBOUT', 'PILOT']",[]
20030620012809I,(-23) PILOT FAILED TO ASSURE THE OIL FILLER CAP WAS SECURE AND TOOK OFF. OIL WAS OBSERVED COMING OUT OF THE ENGINE ,[],['PERSON']
