c5,c119,gpt4o_triplets,gpt4o_triplets_clean
19990213001379A,"ACFT WAS TAXIING FOR TAKE OFF WHEN IT LOST CONTROL, RAN INTO A DITCH, AND STRUCK A TREE. OTHER CIRCUMSTANCES AE UNK","<ACFT, HAS CAUSE, LOST CONTROL>","<ACFT, HAS CAUSE, LOST CONTROL>"
19800217031649I,"AFTER TAKEOFF, ENGINE QUIT. WING FUEL TANK SUMPS WERE NOT DRAINED DURING PREFLIGHT BECAUSE THEY WERE FROZEN.       ","<ENGINE, HAS EFFECT, QUIT>","<ENGINE, HAS EFFECT, QUIT>"
19790720021329A,HELICOPTER TOOK OFF WITH SLING LOAD ATTACHED. CRASHED WHEN LOAD WEDGED IN TREES. IMPROPER PREFLIGHT.               ,"<HELICOPTER, INSTANCE OF, ACFT>
<HELICOPTER, HAS CAUSE, IMPROPER PREFLIGHT>
<CRASHED, HAS CAUSE, LOAD WEDGED IN TREES>","<HELICOPTER, INSTANCE OF, ACFT>
<HELICOPTER, HAS CAUSE, IMPROPER PREFLIGHT>
<CRASHED, HAS CAUSE, LOAD WEDGED IN TREES>"
19841214074599I,WHILE TAXIING LOST NOSEWHEEL STEERING AND BRAKES. STRUCK 2 AIRCRAFT AND FENCE. CIRCUIT BREAKER HYDRAULIC PUMP OPEN.,"<NOSEWHEEL STEERING, LOST CONTROL, ACFT>","<NOSEWHEEL STEERING, LOST CONTROL, ACFT>"
19860128014289I,FORWARD CARGO DOOR OPENED AS AIRCRAFT TOOK OFF. OBJECTS DROPPED OUT. RETURNED. FAILED TO SEE WARNING LIGHT.        ,"<FORWARD CARGO DOOR, EVENT DISTANCE, AIRCRAFT TOOK OFF>","<FORWARD CARGO DOOR, EVENT DISTANCE, AIRCRAFT TOOK OFF>"
20000215010329A,"(-23) MR. TIMOTHY ALLEN WELLS WAS ACTING AS PILOT IN COMMAND OF A BELL HELICOPTER MODEL BHT-47-G5, N4754R, ENGAGED ","<BELL HELICOPTER MODEL BHT-47-G5, INSTANCE OF, HELICOPTER>","<BELL HELICOPTER MODEL BHT-47-G5, INSTANCE OF, HELICOPTER>"
19801116083749I,FORCED LANDING AFTER ONE ENGINE QUIT;FOUND ICE IN AUXILIARY FUEL SYSTEM.                                           ,"<ENGINE, QUIT, FORCED LANDING>","<ENGINE, QUIT, FORCED LANDING>"
19850315007389A,PILOT WAS DESCENDING TO LOWER ALTITUDE DUE TO ICING. LOST CONTROL. ALTIMETER NOT IFR CERTIFIED. ICING FORECAST.    ,"<PILOT, HAS CAUSE, ICING>
<LOST CONTROL, HAS CAUSE, ICING>
<ALTIMETER, INSTANCE OF, NOT IFR CERTIFIED>
<ICING, FORECAST, ICING FORECAST>","<PILOT, HAS CAUSE, ICING>
<LOST CONTROL, HAS CAUSE, ICING>
<ALTIMETER, INSTANCE OF, NOT IFR CERTIFIED>
<ICING, FORECAST, ICING FORECAST>"
20070630826079I,(-23) AIRCRAFT DEPARTED RAY AIRPORT AND AFTER TAKEOFF INTO THE CLIMB AIRCRAFT ENGINE STARTED TO HAVE PROBLEMS. PILO,"<AIRCRAFT, TOOK OFF, RAY AIRPORT>","<AIRCRAFT, TOOK OFF, RAY AIRPORT>"
19900425011659A,RAN OUT OF FUEL ON FERRY FLIGHT. LEFT PONTOON SEPARATED LANDING IN A POND. FUEL CAP NOT SECURED. FUEL SIPHONED.    ,"<FERRY FLIGHT, HAS CAUSE, RAN OUT OF FUEL>
<LEFT PONTOON, HAS EFFECT, SEPARATED LANDING IN A POND>
<FUEL CAP, NOT SECURED, FUEL SIPHONED>","<FERRY FLIGHT, HAS CAUSE, RAN OUT OF FUEL>
<LEFT PONTOON, HAS EFFECT, SEPARATED LANDING IN A POND>
<FUEL CAP, NOT SECURED, FUEL SIPHONED>"
19991230042089A,"(.4)THE PILOT SAID THAT SHORTLY AFTER TAKEOFF, THE ENGINE 'STARTED CUTTING OUT AND WAS NOT DEVELOPING ENOUGH POWER ","<ENGINE, HAS EFFECT, STARTED CUTTING OUT>
<ENGINE, HAS EFFECT, NOT DEVELOPING ENOUGH POWER>
<AIRCRAFT TOOK OFF, FOLLOWS, SHORTLY AFTER>","<ENGINE, HAS EFFECT, STARTED CUTTING OUT>
<ENGINE, HAS EFFECT, NOT DEVELOPING ENOUGH POWER>
<AIRCRAFT TOOK OFF, FOLLOWS, SHORTLY AFTER>"
19820725041999I,"LOOSE COWLING ON TAKEOFF. COWLING CAME OFF ON RETURNING TO LAND. CRACKED WINDSHIELD, DENTED STABILIZER.            ","<LOOSE COWLING, EVENT DISTANCE, TAKEOFF>","<LOOSE COWLING, EVENT DISTANCE, TAKEOFF>"
19940412011509I,AIRCRAFT POPPED OPEN ON DESCENT. FLIGHT MANUAL FLEW OUT AND STRUCK TRUCK WINDSHIELD ON GROUND. LANDED SAFELY.      ,"<AIRCRAFT, EVENT DISTANCE, DESCENT>","<AIRCRAFT, EVENT DISTANCE, DESCENT>"
19971226042729I,NR2 ENGINE FIRE WHILE LOADING PASSENGERS AT GATE. EVACUATED. FUEL LEVER WAS IN FLIGHT IDLE. CUT OFF. SMOKE CLEARED.,"<NR2 ENGINE, INSTANCE OF, ENGINE>","<NR2 ENGINE, INSTANCE OF, ENGINE>"
19950619021589I,AFTER DEPARTING HIGH OIL TEMP. LANDED OFF AIRPOR. SHEARED MAIN GEAR. FOUND LOW ON OIL.                             ,"<LANDED OFF AIRPORT, HAS CAUSE, HIGH OIL TEMP>
<LANDED OFF AIRPORT, HAS EFFECT, SHEARED MAIN GEAR>
<LANDED OFF AIRPORT, HAS CAUSE, LOW ON OIL>","<LANDED OFF AIRPORT, HAS CAUSE, HIGH OIL TEMP>
<LANDED OFF AIRPORT, HAS EFFECT, SHEARED MAIN GEAR>
<LANDED OFF AIRPORT, HAS CAUSE, LOW ON OIL>"
19940815046149I,BATTERY COMPARTMENT DOOR CAME OPEN. ANTENNA CRACKED WINDSHIELD.                                                    ,"<ANTENNA, HAS EFFECT, CRACKED WINDSHIELD>","<ANTENNA, HAS EFFECT, CRACKED WINDSHIELD>"
19860228038269I,RETURNED WHEN NOSE GEAR FAILED TO RETRACT. FOUND THAT PIN HAD NOT BEEN REMOVED AFTER PREVIOUS MAINTENANCE.         ,"<NOSE GEAR, FAILED TO, RETRACT>
<PIN, NOT REMOVED AFTER, PREVIOUS MAINTENANCE>","<NOSE GEAR, FAILED TO, RETRACT>
<PIN, NOT REMOVED AFTER, PREVIOUS MAINTENANCE>"
19790718019229I,GROUND STAND BAGGAGE CART WITH INOPERATIVE BRAKES ROLLED INTO SIDE OF PARKED AIRCRAFT. 9 INCH TEAR IN FUSELAGE.    ,"<BAGGAGE CART, OWNED BY, GROUND STAND>
<BAGGAGE CART, HAS EFFECT, 9 INCH TEAR IN FUSELAGE>
<BAGGAGE CART, HAS CAUSE, INOPERATIVE BRAKES>
<BAGGAGE CART, LOCATION, SIDE OF PARKED AIRCRAFT>","<BAGGAGE CART, OWNED BY, GROUND STAND>
<BAGGAGE CART, HAS EFFECT, 9 INCH TEAR IN FUSELAGE>
<BAGGAGE CART, HAS CAUSE, INOPERATIVE BRAKES>
<BAGGAGE CART, LOCATION, SIDE OF PARKED AIRCRAFT>"
20000625032189I,(-23)NORTHWEST AIRLINES DC-10 BOEING PUSHED BACK FOR REPOSITIONING OFF OF GATE B-52 STRUCK A CONTINENTAL AIRLINES D,"<NORTHWEST AIRLINES DC-10 BOEING, INSTANCE OF, AIRCRAFT>","<NORTHWEST AIRLINES DC-10 BOEING, INSTANCE OF, AIRCRAFT>"
19860530030499A,ENGINE OVERHEAT. HOT OIL SMELL.KNEW HE HAD FAILED TO REMOVE AIR INTAKE PLUGS. NOSED OVER IN FURROWS PLOWED FAILED  ,"<ENGINE, HAS EFFECT, OVERHEAT>
<ENGINE, HAS EFFECT, HOT OIL SMELL>
<PILOT, HAS CAUSE, FAILED TO REMOVE AIR INTAKE PLUGS>
<AIRCRAFT, HAS EFFECT, NOSED OVER IN FURROWS>","<ENGINE, HAS EFFECT, OVERHEAT>
<ENGINE, HAS EFFECT, HOT OIL SMELL>
<PILOT, HAS CAUSE, FAILED TO REMOVE AIR INTAKE PLUGS>
<AIRCRAFT, HAS EFFECT, NOSED OVER IN FURROWS>"
19821117066379I,PILOT UNABLE TO PRESSURIZE. FOUND ACCESS DOOR SLIGHTLY OPEN. DEPRESSURIZED. DOOR OPENED FULLY. STOPPED BY FUSELAGE.,"<ACCESS DOOR, PART OF, FUSELAGE>","<ACCESS DOOR, PART OF, FUSELAGE>"
19810303007119A,VEERED OFF RUNWAY ON LANDING.  HIT PARKED AIRPLANE.  NEWLY INSTALLED CARPETING RESTRICTED RUDDER PEDAL MOVEMENT.   ,"<RUDDER PEDAL MOVEMENT, RESTRICTED BY, NEWLY INSTALLED CARPETING>","<RUDDER PEDAL MOVEMENT, RESTRICTED BY, NEWLY INSTALLED CARPETING>"
19950602032329I,VEERED OFF TAXIWAY. STRUCK TAXIWAY LIGHT. WAS ADVISED DAMAGED PROP. CONTINUED TO LIT.                              ,"<VEERED OFF TAXIWAY, HAS EFFECT, STRUCK TAXIWAY LIGHT>","<VEERED OFF TAXIWAY, HAS EFFECT, STRUCK TAXIWAY LIGHT>"
19901101064289I,FUEL CAP MISSING FROM RIGHT TANK AND GAS ESCAPING WHILE TAXIING. REPLACED CAP. RESUMED FLIGHT WITHOUT CLEANING WING,"<FUEL CAP, PART OF, RIGHT TANK>","<FUEL CAP, PART OF, RIGHT TANK>"
20050713014239I,"(-23) ON JULY 13, 2005, AT 1535 MST, AN RAYTHEON AIRCRAFT CO. B36TC (BONANZA), N3042V REGISTERED TO HAVENS LEASING ","<RAYTHEON AIRCRAFT CO. B36TC (BONANZA), REGISTERED TO, HAVENS LEASING>","<RAYTHEON AIRCRAFT CO. B36TC (BONANZA), REGISTERED TO, HAVENS LEASING>"
19860706034879A,THE ENGINE LOST POWER ON TAKEOFF AND THE AIRCRAFT FLIPPED ON LANDING.PILOT HAD JUST FILLED TANKS. WATER IN FUEL.   ,"<ENGINE, NOT DEVELOPING ENOUGH POWER, TAKEOFF>
<AIRCRAFT, NOSED OVER IN FURROWS, LANDING>
<PILOT, USED BY, AIRCRAFT>
<WATER, PART OF, FUEL>","<ENGINE, NOT DEVELOPING ENOUGH POWER, TAKEOFF>
<AIRCRAFT, NOSED OVER IN FURROWS, LANDING>
<PILOT, USED BY, AIRCRAFT>
<WATER, PART OF, FUEL>"
19840121015319I,ENGINE FAILED AFTER TAKEOFF. TRIED TO MAKE A ROAD BUT DRIFTED OFF THE EDGE. FOUND SOLID ICE IN CARBURETOR BOWL.    ,"<ENGINE, FAILED, AFTER TAKEOFF>
<ENGINE, HAS CAUSE, SOLID ICE IN CARBURETOR BOWL>","<ENGINE, FAILED, AFTER TAKEOFF>
<ENGINE, HAS CAUSE, SOLID ICE IN CARBURETOR BOWL>"
19950527014439A,LOST CONTROL ON CLIMBOUT AFTER TOW RELEASE. ROLLED BOTH WAYS. SPIRAL TO IMPACT. NEGLECTED TO CONNECT RIGHT AILERON.,"<LOST CONTROL, FOLLOWS, CLIMBOUT>
<CLIMBOUT, FOLLOWS, TOW RELEASE>
<LOST CONTROL, HAS EFFECT, ROLLED BOTH WAYS>
<LOST CONTROL, HAS EFFECT, SPIRAL TO IMPACT>
<LOST CONTROL, HAS CAUSE, NEGLECTED TO CONNECT RIGHT AILERON>","<LOST CONTROL, FOLLOWS, CLIMBOUT>
<CLIMBOUT, FOLLOWS, TOW RELEASE>
<LOST CONTROL, HAS EFFECT, ROLLED BOTH WAYS>
<LOST CONTROL, HAS EFFECT, SPIRAL TO IMPACT>
<LOST CONTROL, HAS CAUSE, NEGLECTED TO CONNECT RIGHT AILERON>"
19960322013629I,NARRATIVE: THE AIRCRAFT WAS BEING FERRIED FOR MAINTENANCE. THE GEAR BLOCKED DOWN AND THE NOSE BLOCK FELL OUT DURING,"<AIRCRAFT, USED BY, FERRY FLIGHT>","<AIRCRAFT, USED BY, FERRY FLIGHT>"
19960504009509A,FAILED TO DETACH TRAILER TIE DOWN FROM SKID. LOST CONTROL AND ROLLED ON LIFT OFF. (-23) PILOT FAILED TO FULLY DETAC,"<PILOT, LOST CONTROL, ROLLED ON LIFT OFF>","<PILOT, LOST CONTROL, ROLLED ON LIFT OFF>"
19790211002709A,AIRCRAFT FAILED TO LIFTOFF RUNWAY. RAN OFF END INTO SNOW BANK. FROST ON AIRFRAME.                                  ,"<AIRCRAFT, FAILED TO LIFTOFF, RUNWAY>","<AIRCRAFT, FAILED TO LIFTOFF, RUNWAY>"
19850418016709I,ENGINE POWER FAILURE WHILE DOING AEROBATICS. LANDED IN FIELD. PILOT DID NOT VISUALLY INSPECT FUEL TANKS.           ,"<ENGINE, HAS CAUSE, POWER FAILURE>
<PILOT, NEGLECTED TO, VISUALLY INSPECT FUEL TANKS>","<ENGINE, HAS CAUSE, POWER FAILURE>
<PILOT, NEGLECTED TO, VISUALLY INSPECT FUEL TANKS>"
19780913017419I,ABORTED TAKEOFF WHEN FRONT BAGGAGE DOOR POPPED OPEN.                                                               ,"<FRONT BAGGAGE DOOR, PART OF, AIRCRAFT>","<FRONT BAGGAGE DOOR, PART OF, AIRCRAFT>"
19781113027039I,PILOT TAXIED INTO UNMARKED DITCH AT END OF TAXIWAY.                                                                ,"<PILOT, VEERED OFF TAXIWAY, UNMARKED DITCH>","<PILOT, VEERED OFF TAXIWAY, UNMARKED DITCH>"
19870606018859A,UNABLE TO STAY AIRBORNE ON TAKEOFF. ABORTED AND GROUND LOOPED INTO A TREE TO AVOID OVERRUN. MAG SWITCH ON ONE MAG. ,"<TAKEOFF, HAS EFFECT, UNABLE TO STAY AIRBORNE>","<TAKEOFF, HAS EFFECT, UNABLE TO STAY AIRBORNE>"
19990714022959I,(-23) ACCORDING TO THE PILOT HE DEPARTED FRONT RANGE AIRPORT DURING THE HOURS OF DARKNESS. DURING THE START AND RUN,"<PILOT, DEPARTED, FRONT RANGE AIRPORT>","<PILOT, DEPARTED, FRONT RANGE AIRPORT>"
19870319012959I,NOSE GEAR WOULD NOT RETRACT AFTER TAKEOFF. RETURNED AND FOUND PIN WAS INSTALLED.                                   ,"<NOSE GEAR, WOULD NOT RETRACT, AFTER TAKEOFF>","<NOSE GEAR, WOULD NOT RETRACT, AFTER TAKEOFF>"
20050504010229A,"(-23) A SIKORSKY S-70A, N160LA, ENCOUNTERED A VIBRATION AFTER THE APU DOOR STRUCK A MAIN ROTOR BLADE INFLIGHT NEAR ","<SIKORSKY S-70A, INSTANCE OF, HELICOPTER>
<APU DOOR, STRUCK, MAIN ROTOR BLADE>
<SIKORSKY S-70A, LOCATION, INFLIGHT>","<SIKORSKY S-70A, INSTANCE OF, HELICOPTER>
<APU DOOR, STRUCK, MAIN ROTOR BLADE>
<SIKORSKY S-70A, LOCATION, INFLIGHT>"
20050429009279I,(-23) THE PILOT WAS TAXIING THE AIRCRAFT TO PARKING FOLLOWING A CARGO TRIP. UPON REACHING A POINT WHERE THE TAXIWAY,"<AIRCRAFT, FOLLOWED BY, PARKING>","<AIRCRAFT, FOLLOWED BY, PARKING>"
19890723054159I,AFTER LANDING IT WAS DETERMINED THERE WAS INSUFFICIENT NUMBER OF SEATS AND OXYGEN MASKS FOR PASSENGERS ONBOARD.    ,"<INSUFFICIENT NUMBER OF SEATS AND OXYGEN MASKS, HAS EFFECT, PASSENGERS ONBOARD>","<INSUFFICIENT NUMBER OF SEATS AND OXYGEN MASKS, HAS EFFECT, PASSENGERS ONBOARD>"
19970523014439I,NARRATIVE: THE CARGO DOOR WAS LATCHED BEFORE TAKEOFF BY MR. BOWEN. RUNWAY CONDITIONS AT STEVEN'S VILLAGE WAS EXTREM,"<CARGO DOOR, PART OF, AIRCRAFT>","<CARGO DOOR, PART OF, AIRCRAFT>"
19970908038069A,TIRED TAXI WITH TIEDOWN CHAINS ATTACHE. ROLLED OVER. PILOT FAILED NOTE RAMP PERSON TIED SKIDS DUE HIGH WIND.       ,"<PILOT, FAILED TO NOTE, RAMP PERSON>","<PILOT, FAILED TO NOTE, RAMP PERSON>"
19781108022239I,BAGGAGE CART WAS BLOWN INTO PARKED AIRCRAFT BY JET BLAST. BRAKES WERE INOPERATIVE ON CART.                         ,"<BAGGAGE CART, USED BY, JET BLAST>
<BAGGAGE CART, LOCATION, SIDE OF PARKED AIRCRAFT>
<BRAKES, INOPERATIVE, BAGGAGE CART>","<BAGGAGE CART, USED BY, JET BLAST>
<BAGGAGE CART, LOCATION, SIDE OF PARKED AIRCRAFT>
<BRAKES, INOPERATIVE, BAGGAGE CART>"
19760606015529A,SUFFICIENT OPPORTUNITY EXISTED TO RELEASE WHEN GLIDER ASSUMED NOSE HIGH ATTITUDE.                                  ,"<GLIDER, ASSUMED, NOSE HIGH ATTITUDE>","<GLIDER, ASSUMED, NOSE HIGH ATTITUDE>"
20051009024969I,(-23) ^PRIVACY DATA OMITTED^ HELICOPTER ENGINE POWER CHECKS WERE BEING CONDUCTED BY PILOT AND ONE CREWMEMBER. DURIN,"<HELICOPTER, USED BY, PILOT>","<HELICOPTER, USED BY, PILOT>"
19930530020029I,PILOT LOST CONTROL OF AIRCRAFT ON TAKEOFF ROLL. PILOTS SEAT WAS NOT LOCKED IN POSITION AND SLID AFT ON ACCELARATION,"<PILOT, LOST CONTROL, AIRCRAFT>","<PILOT, LOST CONTROL, AIRCRAFT>"
19801230089799I,"FLAT NOSE STRUT FAILED TO EXTEND BEFORE RETRACTION. IT CAUGHT ON AIRPLANE STRUCTURE, BROKE THE BELLCRANK. COLLAPSED","<FLAT NOSE STRUT, FAILED TO EXTEND, BEFORE RETRACTION>
<FLAT NOSE STRUT, CAUGHT ON, AIRPLANE STRUCTURE>
<BELLCRANK, BROKE, COLLAPSED>","<FLAT NOSE STRUT, FAILED TO EXTEND, BEFORE RETRACTION>
<FLAT NOSE STRUT, CAUGHT ON, AIRPLANE STRUCTURE>
<BELLCRANK, BROKE, COLLAPSED>"
19980508008619A,LOST POWER ENROUTE. NOSED OVER LANDING ON A SLOPE. NO EVIDENCE OF FUEL AT SCENE. FAILED TO VISUALLY CHECK FUEL.. (.,"<LOST POWER, HAS CAUSE, FAILED TO VISUALLY CHECK FUEL>","<LOST POWER, HAS CAUSE, FAILED TO VISUALLY CHECK FUEL>"
19940818022409A,LOST LEFT ENGINE NEAR H71. FEATHERED. HIGH . BEGAN GO AROUND BELOW VMC. CRASHED. BAD OIL LEAK. CRACKED ENGINE CASE.,"<LEFT ENGINE, LOCATION, NEAR H71>
<LEFT ENGINE, LOST CONTROL, CRASHED>
<ENGINE, HAS CAUSE, BAD OIL LEAK>
<ENGINE, HAS CAUSE, CRACKED ENGINE CASE>","<LEFT ENGINE, LOCATION, NEAR H71>
<LEFT ENGINE, LOST CONTROL, CRASHED>
<ENGINE, HAS CAUSE, BAD OIL LEAK>
<ENGINE, HAS CAUSE, CRACKED ENGINE CASE>"
19920405008919A,"ATTEMPTED TAKEOFF FROM 2500 FT SOD STRIP.GUSTY NORTH WIND,HIT TREES OFF END OF STRIP CRASHED.                      ","<ATTEMPTED TAKEOFF, EVENT DISTANCE, 2500 FT SOD STRIP>
<CRASHED, HAS CAUSE, HIT TREES>","<ATTEMPTED TAKEOFF, EVENT DISTANCE, 2500 FT SOD STRIP>
<CRASHED, HAS CAUSE, HIT TREES>"
19840821046409A,CRASH OCCURRED DURING FORCED LANDING AFTER ENGINE FAILURE DURING TAKEOFF. AIRCRAFT HAD NOT HAD ANNUAL INSPECTION.  ,"<CRASHED, HAS CAUSE, FORCED LANDING>
<FORCED LANDING, HAS CAUSE, ENGINE>
<ENGINE, HAS CAUSE, FAILURE>
<FAILURE, TIME PERIOD, TAKEOFF>
<AIRCRAFT, MAINTAINED BY, ANNUAL INSPECTION>","<CRASHED, HAS CAUSE, FORCED LANDING>
<FORCED LANDING, HAS CAUSE, ENGINE>
<ENGINE, HAS CAUSE, FAILURE>
<FAILURE, TIME PERIOD, TAKEOFF>
<AIRCRAFT, MAINTAINED BY, ANNUAL INSPECTION>"
19950216008379I,"NARRATIVE: THE PILOT OF CESSNA 207, N1549U STATED THAT AFTER TAKEOFF FROM THE BETHEL AIRPORT, THE ENGINE STOPPED RU","<CESSNA 207, INSTANCE OF, AIRCRAFT>
<PILOT, USED BY, CESSNA 207>
<ENGINE, PART OF, CESSNA 207>
<ENGINE, QUIT, AFTER TAKEOFF>
<CESSNA 207, LOCATION, BETHEL AIRPORT>","<CESSNA 207, INSTANCE OF, AIRCRAFT>
<PILOT, USED BY, CESSNA 207>
<ENGINE, PART OF, CESSNA 207>
<ENGINE, QUIT, AFTER TAKEOFF>
<CESSNA 207, LOCATION, BETHEL AIRPORT>"
19850525020799A,TOUCHED DOWN LONG AND BOUNCED. ATTEMPTED DOWNWIND GO AROUND WITH FULL FLAPS. STRUCK TREE 3 MILES FROM AIRPORT.     ,"<STRUCK TREE, EVENT DISTANCE, 3 MILES FROM AIRPORT>","<STRUCK TREE, EVENT DISTANCE, 3 MILES FROM AIRPORT>"
19861114075329I,ENTERED TCA WITHOUT ATC COMMUNICATION. PILOT WAS AWARE OF MALFUNCTIONING ENCODING ALTIMETER.                       ,"<PILOT, AWARE OF, MALFUNCTIONING ENCODING ALTIMETER>","<PILOT, AWARE OF, MALFUNCTIONING ENCODING ALTIMETER>"
20010421009329I,"(-23)AIRCRAFT WAS IN CRUISE FLIGHT, THERE WAS A RPM LOSS AND PILOT COULD NOT MAINTAIN ALTITUDE. PILOT MADE AN EMERG","<AIRCRAFT, INFLUENCED BY, RPM LOSS>","<AIRCRAFT, INFLUENCED BY, RPM LOSS>"
19960524045629A,NOSE BAGGAGE DOOR OPENED ON TAKEOFF. BAGGAGE HIT LEFT PROP. GOT BELWO UMC. LANDED ON SEA ICE. WILL FLY DOOR OPEN.  ,"<NOSE BAGGAGE DOOR, OPENED ON, TAKEOFF>
<BAGGAGE, HIT, LEFT PROP>
<LANDED, LOCATION, SEA ICE>","<NOSE BAGGAGE DOOR, OPENED ON, TAKEOFF>
<BAGGAGE, HIT, LEFT PROP>
<LANDED, LOCATION, SEA ICE>"
19871211075169A,ROUGH ENGINE ON CLIMBOUT. LANDED ON CITY STREET. SPARK PLUGS OUT OF TOLERENCE. FOUND PRIMER UNLOCKED.              ,"<ROUGH ENGINE, INSTANCE OF, CLIMBOUT>
<LANDED, LOCATION, CITY STREET>
<SPARK PLUGS, OUT OF, TOLERENCE>
<PRIMER, FOUND, UNLOCKED>","<ROUGH ENGINE, INSTANCE OF, CLIMBOUT>
<LANDED, LOCATION, CITY STREET>
<SPARK PLUGS, OUT OF, TOLERENCE>
<PRIMER, FOUND, UNLOCKED>"
20010910029739I,"(-23) DURING TAXI OUT, CFI NOTICED NOSE LANDING GEAR GREEN LIGHT WAS OUT. SHE ATTEMPTED TO SWAP LIGHTS TO VERIFY TH","<NOSE GEAR, PART OF, AIRCRAFT>","<NOSE GEAR, PART OF, AIRCRAFT>"
19871027060859A,"ELECTRIC POWER LOST ON IFR DUAL FLIGHT. STRUCK POWER POLE ON FORCED LANDING, FOUND CIRCUIT BREAKER OFF. PILOT ERROR","<ELECTRIC POWER, LOST, IFR DUAL FLIGHT>
<IFR DUAL FLIGHT, STRUCK, POWER POLE>
<IFR DUAL FLIGHT, HAS CAUSE, FORCED LANDING>
<CIRCUIT BREAKER, OFF, ELECTRIC POWER>
<IFR DUAL FLIGHT, HAS CAUSE, PILOT ERROR>","<ELECTRIC POWER, LOST, IFR DUAL FLIGHT>
<IFR DUAL FLIGHT, STRUCK, POWER POLE>
<IFR DUAL FLIGHT, HAS CAUSE, FORCED LANDING>
<CIRCUIT BREAKER, OFF, ELECTRIC POWER>
<IFR DUAL FLIGHT, HAS CAUSE, PILOT ERROR>"
19980616023109I,LOUD BANG AND SHUDDER ENROUTE. SAW SPARKS AT ROTOR. RETURNED. ENGINE COWLING SEPERATED. COWL NOT FASTENED.         ,"<ENGINE COWLING, SEPARATED, NULL>","<ENGINE COWLING, SEPARATED, NULL>"
19910710026989A,REPORTED PROBLEM ON CLIMBOUT. STALLED AND CRASHED. NO LOCKING PINS IN SEAT TRACK. SEAT PIN BENT. BELT NOT FASTENED ,"<CLIMBOUT, HAS EFFECT, STALLED>
<STALLED, HAS EFFECT, CRASHED>
<SEAT TRACK, PART OF, NO LOCKING PINS>
<SEAT PIN, INSTANCE OF, BENT>
<BELT, INSTANCE OF, NOT FASTENED>","<CLIMBOUT, HAS EFFECT, STALLED>
<STALLED, HAS EFFECT, CRASHED>
<SEAT TRACK, PART OF, NO LOCKING PINS>
<SEAT PIN, INSTANCE OF, BENT>
<BELT, INSTANCE OF, NOT FASTENED>"
19780509032859I,FORCED LANDING AFTER POWER LOSS. FOUND WATER IN FUEL.                                                              ,"<FORCED LANDING, HAS CAUSE, POWER LOSS>
<WATER, LOCATION, FUEL>","<FORCED LANDING, HAS CAUSE, POWER LOSS>
<WATER, LOCATION, FUEL>"
19800506012169A,LOST CONTROL OF AIRPLANE ON TAKEOFF ROLL. FAILED TO REMOVE AILERON-ELEVATOR LOCK PIN.                              ,"<AIRPLANE, LOST CONTROL, TAKEOFF ROLL>
<PIN, FAILED TO REMOVE, AILERON-ELEVATOR LOCK>","<AIRPLANE, LOST CONTROL, TAKEOFF ROLL>
<PIN, FAILED TO REMOVE, AILERON-ELEVATOR LOCK>"
19791128035159A,"PILOT LANDED TO WAIT OUT RAIN SHOWER. ON CLIMBOUT, ENGINE RAN ROUGH. PILOT LANDED IN FIELD. CLAIMS WATER IN FUEL.  ","<PILOT, LANDED, FIELD>
<ENGINE, RAN ROUGH, CLIMBOUT>
<WATER, INFLUENCED BY, FUEL>","<PILOT, LANDED, FIELD>
<ENGINE, RAN ROUGH, CLIMBOUT>
<WATER, INFLUENCED BY, FUEL>"
20060621012279A,"(-23) THE PILOT ^PRIVACY DA^ STATED THAT DURING TAKEOFF (AT ROTATION) HIS SEAT SLID BACK, CAUSING HIM TO OVERROTATE","<PILOT, DURING, TAKEOFF>
<SEAT, CAUSED, OVERROTATE>","<PILOT, DURING, TAKEOFF>
<SEAT, CAUSED, OVERROTATE>"
19950314029269I,"NARRATIVE: ON MARCH 14, 1995, N7016M, AN AMATEUR BUILT AIRCRAFT, MADE AN EMERGENCY OFF AIRPORT LANDING NEAR THE BLO","<N7016M, INSTANCE OF, AMATEUR BUILT AIRCRAFT>
<N7016M, MADE, EMERGENCY OFF AIRPORT LANDING>
<EMERGENCY OFF AIRPORT LANDING, LOCATION, NEAR THE BLO>
<EMERGENCY OFF AIRPORT LANDING, TIME PERIOD, MARCH 14, 1995>","<N7016M, INSTANCE OF, AMATEUR BUILT AIRCRAFT>
<N7016M, MADE, EMERGENCY OFF AIRPORT LANDING>
<EMERGENCY OFF AIRPORT LANDING, LOCATION, NEAR THE BLO>
<EMERGENCY OFF AIRPORT LANDING, TIME PERIOD, MARCH 14, 1995>"
19800804037399A,EARLY FUEL EXHAUSTION FROM FUEL SIPHONING FROM IMPROPERLY SECURED VENT CAP. OVERSHOT EMERGENCY LANDING AREA.       ,"<FUEL EXHAUSTION, HAS CAUSE, FUEL SIPHONED>","<FUEL EXHAUSTION, HAS CAUSE, FUEL SIPHONED>"
19780402008409I,TAXIING AIRCRAFT STRUCK PARKED AIRCRAFT. FOUND WORN OUT & INEFFECTIVE BRAKES AS CAUSE.                             ,"<TAXIING AIRCRAFT, STRUCK, PARKED AIRCRAFT>
<WORN OUT & INEFFECTIVE BRAKES, HAS CAUSE, STRUCK>","<TAXIING AIRCRAFT, STRUCK, PARKED AIRCRAFT>
<WORN OUT & INEFFECTIVE BRAKES, HAS CAUSE, STRUCK>"
19890725041869I,ON ENGINE START PILOTS SEAT WENT TO FULL AFT POSITION. PUSH THROTTLE IN FULL. AIRCRAFT COLLIDED WITH PARKED PLANE. ,"<PILOTS SEAT, WENT TO, FULL AFT POSITION>
<AIRCRAFT, COLLIDED WITH, PARKED AIRCRAFT>","<PILOTS SEAT, WENT TO, FULL AFT POSITION>
<AIRCRAFT, COLLIDED WITH, PARKED AIRCRAFT>"
19911222062669I,AFTER LIFTOFF PILOT NOTICED RIGHT FUEL CAP MISSING. ABORTED. LANDED ON SAME RUNWAY. RAN OFF SIDE OF RUNWAY.        ,"<AFTER LIFTOFF, FOLLOWS, LIFTOFF>
<PILOT, NOTICED, RIGHT FUEL CAP MISSING>
<ABORTED, FOLLOWS, NOTICED>
<LANDED, FOLLOWS, ABORTED>
<LANDED, LOCATION, SAME RUNWAY>
<RAN OFF, FOLLOWS, LANDED>
<RAN OFF, LOCATION, SIDE OF RUNWAY>","<AFTER LIFTOFF, FOLLOWS, LIFTOFF>
<PILOT, NOTICED, RIGHT FUEL CAP MISSING>
<ABORTED, FOLLOWS, NOTICED>
<LANDED, FOLLOWS, ABORTED>
<LANDED, LOCATION, SAME RUNWAY>
<RAN OFF, FOLLOWS, LANDED>
<RAN OFF, LOCATION, SIDE OF RUNWAY>"
20030607012509A,"(-23) THE AIRCRAFT DEPARTED BARTLESVILLE MUNICIPAL AIRPORT (BVO) BARTLESVILLE, OK AT 1147 AM LOCAL TIME FOR A LOCAL","<AIRCRAFT, DEPARTED, BARTLESVILLE MUNICIPAL AIRPORT>","<AIRCRAFT, DEPARTED, BARTLESVILLE MUNICIPAL AIRPORT>"
19801005072789I,PILOT RAN OFF END OF RUNWAY WHEN REMAINING BRAKE FAILED.                                                           ,"<PILOT, RAN OFF, END OF RUNWAY>
<REMAINING BRAKE, FAILED, NULL>","<PILOT, RAN OFF, END OF RUNWAY>
<REMAINING BRAKE, FAILED, NULL>"
19781210024199I,WHEELS LOCKED UP AFTER SEVERAL TOUCH AND GO LANDINGS DUE TO SNOW PACKED IN THE WHEEL PANTS.                        ,"<WHEELS, HAS CAUSE, SNOW PACKED IN THE WHEEL PANTS>","<WHEELS, HAS CAUSE, SNOW PACKED IN THE WHEEL PANTS>"
19950804028629A,LOST POWER LANDED HARD IN ROUGH WATER. DAMAGED FLOATS AND LONGERON. WATER IN FUEL. MISREAD WATER IN SUMP TO BE FUEL,"<LOST POWER, HAS EFFECT, LANDED HARD>
<LANDED HARD, LOCATION, ROUGH WATER>
<DAMAGED, PART OF, FLOATS>
<DAMAGED, PART OF, LONGERON>
<WATER, PART OF, FUEL>
<MISREAD, HAS CAUSE, WATER IN SUMP>
<MISREAD, HAS EFFECT, FUEL>","<LOST POWER, HAS EFFECT, LANDED HARD>
<LANDED HARD, LOCATION, ROUGH WATER>
<DAMAGED, PART OF, FLOATS>
<DAMAGED, PART OF, LONGERON>
<WATER, PART OF, FUEL>
<MISREAD, HAS CAUSE, WATER IN SUMP>
<MISREAD, HAS EFFECT, FUEL>"
20040304003309I,"(-23) AFTER NORMAL TOUCHDOWN THE AIRCRAFT STARTED SLIDING OR HYDROPLANING TOWARD LEFT SIDE OF RUNWAY, AIRCRAFT STRU","<AIRCRAFT, AFTER, NORMAL TOUCHDOWN>
<AIRCRAFT, STARTED SLIDING, LEFT SIDE OF RUNWAY>","<AIRCRAFT, AFTER, NORMAL TOUCHDOWN>
<AIRCRAFT, STARTED SLIDING, LEFT SIDE OF RUNWAY>"
19780427013859I,ENGINE COWLING SEPARATED FROM ENGINE IN FLIGHT.                                                                    ,"<ENGINE COWLING, SEPARATED, ENGINE>","<ENGINE COWLING, SEPARATED, ENGINE>"
20070202001609A,"(-23) ON A FLIGHT FROM NOTH PLATTE, NE, TO IOWA CITY, IA, (487 STATUTE MILES) THE AIRCRAFT LOST POWER NEAR GRINNELL","<AIRCRAFT, LOST POWER, NEAR GRINNELL>","<AIRCRAFT, LOST POWER, NEAR GRINNELL>"
19780916024019A,TIE DOWN STRAP ACROSS LEFT SKID CAUGHT ON TRAILER AND TETHERED HEPER.                                              ,"<TIE DOWN STRAP, CAUGHT ON, TRAILER>","<TIE DOWN STRAP, CAUGHT ON, TRAILER>"
20060718018299I,(-23) THE PILOT IN COMMAND (PIC) FAILED TO ENSURE ALL FUEL TANK CAPS WERE SECURELY FASTENED PRIOR TO DEPARTURE. SUB,"<PILOT, FAILED TO ENSURE, FUEL TANK CAPS>","<PILOT, FAILED TO ENSURE, FUEL TANK CAPS>"
20040925025079A,(-23) FUEL CONTAMINATION IN AIRFRAME FUEL FILTER AS WELL AS IN FUEL FILTER AND ENGINE DRIVEN FUEL PUMP FILTER. THE ,"<FUEL CONTAMINATION, LOCATION, AIRFRAME FUEL FILTER>
<FUEL CONTAMINATION, LOCATION, FUEL FILTER>
<FUEL CONTAMINATION, LOCATION, ENGINE DRIVEN FUEL PUMP FILTER>","<FUEL CONTAMINATION, LOCATION, AIRFRAME FUEL FILTER>
<FUEL CONTAMINATION, LOCATION, FUEL FILTER>
<FUEL CONTAMINATION, LOCATION, ENGINE DRIVEN FUEL PUMP FILTER>"
19961027033759A,PRIOR DEMO FLIGHT. CONNECTING ROD BENT BY HYDRO LOCK IN NR5 CYL ON STARTUP. BROKE. HIT COUNTER WT. BROKE PORP SHAFT,"<CONNECTING ROD, BENT, HYDRO LOCK>","<CONNECTING ROD, BENT, HYDRO LOCK>"
19870309039779I,"WHILE TAXIING, THE AIRCRAFT STRUCK N106DA WHICH WAS PARKED.  PILOT WAS UNAWARE OF BRAKE PROBLEMS ON THE AIRCRAFT.  ","<AIRCRAFT, STRUCK, N106DA>
<N106DA, LOCATION, PARKED AIRCRAFT>
<PILOT, UNAWARE OF, BRAKE PROBLEMS>
<BRAKE PROBLEMS, PART OF, AIRCRAFT>","<AIRCRAFT, STRUCK, N106DA>
<N106DA, LOCATION, PARKED AIRCRAFT>
<PILOT, UNAWARE OF, BRAKE PROBLEMS>
<BRAKE PROBLEMS, PART OF, AIRCRAFT>"
20020619014309A,"(-23) N759TY, CE-182 WAS EN ROUTE FROM HOT SPRINGS, ARKANSAS TO FAYETTEVILLE, TENNESSEE, WHEN THE AIRCRAFT ENGINE Q","<N759TY, INSTANCE OF, CE-182>","<N759TY, INSTANCE OF, CE-182>"
19951031041599A,ON CLIMBOUT NOSE BAGGAGE DOOR OPENED. REDUCED POWER. STALLED. ROLLED. DIVED INTO OCEAN. TEST FLIGHT FROM STORAGE.  ,"<NOSE BAGGAGE DOOR, OPENED, CLIMBOUT>
<POWER, REDUCED, NULL>
<TEST FLIGHT, INSTANCE OF, STORAGE>","<NOSE BAGGAGE DOOR, OPENED, CLIMBOUT>
<POWER, REDUCED, NULL>
<TEST FLIGHT, INSTANCE OF, STORAGE>"
19850729066139I,ELEVATOR CONTROL JAMMED SHEN HARNESS CAUGHT ON ELEVATOR CABLE. STICK BOOT NOT FASTENED TO FLOOR. LANDED IN A FIELD.,"<ELEVATOR CONTROL, JAMMED, HARNESS CAUGHT ON ELEVATOR CABLE>
<STICK BOOT, NOT FASTENED, FLOOR>
<LANDED, LOCATION, FIELD>","<ELEVATOR CONTROL, JAMMED, HARNESS CAUGHT ON ELEVATOR CABLE>
<STICK BOOT, NOT FASTENED, FLOOR>
<LANDED, LOCATION, FIELD>"
19940226003029A,LOST POWER EN ROUTE. LANDED ON PRIVATE STRIP. NOSED OVER. LEFT FUEL CAP LEAKED. PREVENTED GRAVITY FUEL FLOW.       ,"<LOST POWER, HAS CAUSE, LEFT FUEL CAP LEAKED>
<LANDED, LOCATION, PRIVATE STRIP>
<NOSED OVER, HAS CAUSE, LEFT FUEL CAP LEAKED>
<LEFT FUEL CAP LEAKED, HAS EFFECT, PREVENTED GRAVITY FUEL FLOW>","<LOST POWER, HAS CAUSE, LEFT FUEL CAP LEAKED>
<LANDED, LOCATION, PRIVATE STRIP>
<NOSED OVER, HAS CAUSE, LEFT FUEL CAP LEAKED>
<LEFT FUEL CAP LEAKED, HAS EFFECT, PREVENTED GRAVITY FUEL FLOW>"
19780111000459A,ACFT DISPATCHER HARRASSMENT OF PILOT. PILOT FORGOT TO REMOVE TIEDROPE.                                             ,"<PILOT, FORGOT TO REMOVE, TIE DOWN STRAP>","<PILOT, FORGOT TO REMOVE, TIE DOWN STRAP>"
20010411006739I,"(-23) THE HELICOPTER WAS IDLING ON THE HELIPAD, AND THE RPM CONTROL WAS BROUGHT UP TO FLY POSITION FOR THE TAKEOFF.","<HELICOPTER, LOCATION, HELIPAD>","<HELICOPTER, LOCATION, HELIPAD>"
19870816062719I,"A COPPER TUBE, USED TO HOLD AERIAL BANNERS, FELL THROUGH THE ROOF OF A HOUSE. LOCAL OPERATOR IS BEING MONITORED.   ","<COPPER TUBE, USED BY, AERIAL BANNERS>","<COPPER TUBE, USED BY, AERIAL BANNERS>"
19980620030289I,"MR. KADERA THEN ATTEMPTED TO LAND IN A FIELD BUT WAS FORCED TO LAND ON HIGHWAY 93. THREE MILES EAST OF SUNMER, IOWA","<FORCED LANDING, LOCATION, HIGHWAY 93>","<FORCED LANDING, LOCATION, HIGHWAY 93>"
19990923027739A,"(.19) ON SEPTEMBER 23, 1999, AT 1900 HOURS PACIFIC DAYLIGHT TIME, A HOMEBUILT CIERNIA GLASAIR III, N153JC, EXPERIEN","<N153JC, INSTANCE OF, HOMEBUILT CIERNIA GLASAIR III>","<N153JC, INSTANCE OF, HOMEBUILT CIERNIA GLASAIR III>"
19980415037339I,(-5)NOSE BAGGAGE CARGO CONSISTING OF A WOODEN WHEEL CHOCK SHIFTED DURING FLIGHT AND JAMMED THE NOSE LANDING GEAR ME,"<NOSE BAGGAGE DOOR, PART OF, NOSE LANDING GEAR>","<NOSE BAGGAGE DOOR, PART OF, NOSE LANDING GEAR>"
19950826026019A,"EXPLOSION LIFTING LOGS. PITCHED UP, ROLLED. COMPRESSOR STALL NR1 ENGINE. FAILED RELEASE LOGS AND USE SE PROCEDURES.","<NR1 ENGINE, INSTANCE OF, COMPRESSOR STALL>","<NR1 ENGINE, INSTANCE OF, COMPRESSOR STALL>"
20000215041409A,"(.19) ON FEBRUARY 19, 2000, AT 1825 EASTERN STANDARD TIME, A BEECH 1900D, N81SK, OPERATED AS SKYWAY AIRLINE FLIGHT ","<BEECH 1900D, INSTANCE OF, AIRCRAFT>
<N81SK, OWNED BY, SKYWAY AIRLINE>
<SKYWAY AIRLINE FLIGHT, TIME PERIOD, FEBRUARY 19, 2000>","<BEECH 1900D, INSTANCE OF, AIRCRAFT>
<N81SK, OWNED BY, SKYWAY AIRLINE>
<SKYWAY AIRLINE FLIGHT, TIME PERIOD, FEBRUARY 19, 2000>"
19860514036219I,GROUND LOOPED ON LANDING. TAILWHEEL WAS FOUND JAMMED FAR RIGHT.                                                    ,"<TAILWHEEL, FOUND, JAMMED FAR RIGHT>","<TAILWHEEL, FOUND, JAMMED FAR RIGHT>"
19880527016939A,ENGINE QUIT ON INITIAL CLIMBOUT. CRASH LANDED AVOIDING TREES. FOUND SELECTED FUEL TANK EMPTY. TRIP WAS TO GET FUEL.,"<ENGINE, QUIT, INITIAL CLIMBOUT>
<CRASHED, HAS CAUSE, AVOIDING TREES>
<SELECTED FUEL TANK, FOUND, EMPTY>","<ENGINE, QUIT, INITIAL CLIMBOUT>
<CRASHED, HAS CAUSE, AVOIDING TREES>
<SELECTED FUEL TANK, FOUND, EMPTY>"
19960418007829A,CRASHED AND BURNED. (.4)WITNESSES REPORTED THAT AFTER DEPARTURE FROM A GRASS RUNWAY. THE AIRPLANE REACHED AN ALTITU,"<AIRPLANE, CRASHED, NULL>","<AIRPLANE, CRASHED, NULL>"
19970828026989A,LOUD POP ON TAKEOFF ROLL. LOST RUDDER CONTROL. EXITED RWY INTO CORNFIELD. HAD FAILED TO LOCK THE TAILWHEEL. (-23) M,"<TAKEOFF ROLL, HAS EFFECT, LOUD POP>
<RUDDER CONTROL, LOST CONTROL, NULL>
<RWY, LOCATION, CORNFIELD>
<TAILWHEEL, FAILED TO LOCK, NULL>","<TAKEOFF ROLL, HAS EFFECT, LOUD POP>
<RUDDER CONTROL, LOST CONTROL, NULL>
<RWY, LOCATION, CORNFIELD>
<TAILWHEEL, FAILED TO LOCK, NULL>"
19870523018729A,"CANOPY CAME OPEN ON CLIMBOUT CAUSING AN UNCONTROLLED GROUND COLLISION, NO DEFECTS REPORTED. APPEARS PILOT ERROR.   ","<CANOPY, HAS EFFECT, UNCONTROLLED GROUND COLLISION>
<UNCONTROLLED GROUND COLLISION, HAS CAUSE, PILOT ERROR>
<CANOPY, FOLLOWS, CLIMBOUT>","<CANOPY, HAS EFFECT, UNCONTROLLED GROUND COLLISION>
<UNCONTROLLED GROUND COLLISION, HAS CAUSE, PILOT ERROR>
<CANOPY, FOLLOWS, CLIMBOUT>"
20030620012809I,(-23) PILOT FAILED TO ASSURE THE OIL FILLER CAP WAS SECURE AND TOOK OFF. OIL WAS OBSERVED COMING OUT OF THE ENGINE ,"<OIL FILLER CAP, OWNED BY, ENGINE>","<OIL FILLER CAP, OWNED BY, ENGINE>"
19750315005389A,TAILWHEEL COCKED RIGHT PRIOR TO TKOF.                                                                              ,"<TAILWHEEL, FOLLOWS, PRIOR TO TKOF>","<TAILWHEEL, FOLLOWS, PRIOR TO TKOF>"
19750419011349A,TOW PLANE BECAME AIRBORNE THEN SETTLED.STUDENT THOUGHT TOW IN TROUBLE & RELEASED.HIT TREE.                         ,"<TOW PLANE, BECAME, AIRBORNE>
<TOW PLANE, HIT, TREE>","<TOW PLANE, BECAME, AIRBORNE>
<TOW PLANE, HIT, TREE>"
19751029037799A,"2ND ILS APCH,ACFT'S G/S INOP.LOM TUNED TO WRONG FREQ.                                                              ","<ACFT, INFLUENCED BY, 2ND ILS APCH>
<ACFT, INFLUENCED BY, G/S INOP>
<LOM, TUNED TO, WRONG FREQ>","<ACFT, INFLUENCED BY, 2ND ILS APCH>
<ACFT, INFLUENCED BY, G/S INOP>
<LOM, TUNED TO, WRONG FREQ>"
19751209037899A,PLT NOTED SOFT R BRAKE PEDAL DRG TAXI TO TKOF.FLT RTND SPRINGFIELD DUE SOFT BRAKE STRONG WINDS BOS                 ,"<PLT, NOTED, SOFT R BRAKE PEDAL>
<FLT, RETURNED, SPRINGFIELD>
<RETURNED, HAS CAUSE, SOFT BRAKE>
<RETURNED, HAS CAUSE, STRONG WINDS BOS>","<PLT, NOTED, SOFT R BRAKE PEDAL>
<FLT, RETURNED, SPRINGFIELD>
<RETURNED, HAS CAUSE, SOFT BRAKE>
<RETURNED, HAS CAUSE, STRONG WINDS BOS>"
19750818025579A,TAXI OFF HARD SFC DUE TFC R MAIN GR BROKE THROUGH ROOF OF A WASHED OUT UNDERGROUND TUNNEL.                         ,"<R MAIN GR, PART OF, TAXI OFF HARD SFC>","<R MAIN GR, PART OF, TAXI OFF HARD SFC>"
19750905025029A,ACFT BEING TAXIED ON GRASS TAXIWAY NOSE WHEEL STRUCK A 6 IN RUT WHICH WAS NOT NOTICED.                             ,"<ACFT, TAXIING AIRCRAFT, GRASS TAXIWAY>","<ACFT, TAXIING AIRCRAFT, GRASS TAXIWAY>"
19750923031109A,DEP FOR DEST WITH KNOWN ELEC PROB. DIDNT USE EMERG GR DOWN SYS.                                                    ,"<DEP, USED BY, DEST>
<DEP, HAS CAUSE, KNOWN ELEC PROB>
<DEP, DIDNT USE, EMERG GR DOWN SYS>","<DEP, USED BY, DEST>
<DEP, HAS CAUSE, KNOWN ELEC PROB>
<DEP, DIDNT USE, EMERG GR DOWN SYS>"
19760215007629A,MTNS OBSCURED.FLT TO CK VOR REC REPTD INOP PRIOR DAY.                                                              ,"<FLT, INFLUENCED BY, MTNS OBSCURED>
<VOR REC, INOPERATIVE, PRIOR DAY>","<FLT, INFLUENCED BY, MTNS OBSCURED>
<VOR REC, INOPERATIVE, PRIOR DAY>"
19760531024959A,MAINT NOT PERFORMED DUE PARTS NOT AVAILABLE. TURBOCHARGER WASTE GATE DID NOT ACTUATE.                              ,"<TURBOCHARGER WASTE GATE, NOT ACTUATE, NULL>","<TURBOCHARGER WASTE GATE, NOT ACTUATE, NULL>"
19760507010379A,"LEFT ENG OIL SUPPLY EXHAUSTED.GEAR-UP LDG IN MESQUITE BRUSH.DENSITY ALT,7200FT. HIGH OIL USAGE ENG                 ","<LEFT ENGINE, OIL SUPPLY, EXHAUSTED>
<GEAR-UP LANDING, LOCATION, MESQUITE BRUSH>
<ENGINE, HIGH OIL USAGE, NULL>","<LEFT ENGINE, OIL SUPPLY, EXHAUSTED>
<GEAR-UP LANDING, LOCATION, MESQUITE BRUSH>
<ENGINE, HIGH OIL USAGE, NULL>"
19761022033409A,PLT CONTINUED T/O IFR AFTER WNDSHD & WINDOWS FOGGED UP DURING VFR DEPARTURE.                                       ,"<PLT, CONTINUED, T/O IFR>
<WNDSHD & WINDOWS, FOGGED UP, DURING VFR DEPARTURE>","<PLT, CONTINUED, T/O IFR>
<WNDSHD & WINDOWS, FOGGED UP, DURING VFR DEPARTURE>"
19761021035989A,PLT PREOCCUPIED WITH PREV NOSE WHEEL VIBRATION.DIDN'T OBSERVE GR SAFE LGT. WIND GUSTING 23KTS.                     ,"<PLT, PREOCCUPIED WITH, PREV NOSE WHEEL VIBRATION>","<PLT, PREOCCUPIED WITH, PREV NOSE WHEEL VIBRATION>"
19760730023679A,"ELECT SYST WENT DEAD,GENERATOR CIRCUIT BREAKER SWITCH NOT ENGAGED.NOT TIME TO EXT.GEAR MANUALLY.                   ","<ELECT SYST, HAS EFFECT, WENT DEAD>","<ELECT SYST, HAS EFFECT, WENT DEAD>"
19760715023479A,GRASS FIRE ONLY. SKID CAUGHT UNDER REFUELING LINE.                                                                 ,"<SKID, CAUGHT UNDER, REFUELING LINE>","<SKID, CAUGHT UNDER, REFUELING LINE>"
19761119035559A,"BANNER PICK UP,LOOP ON TOW ROPE CAUGHT ON L LNDG GR.PLT UN MAINTAIN FLT.                                           ","<LOOP ON TOW ROPE, CAUGHT ON, L LNDG GR>","<LOOP ON TOW ROPE, CAUGHT ON, L LNDG GR>"
19770225003319A,NO NARRATIVE AVAILABLE                                                                                             ,,
19770506041719A,"R ENG,L MAG EXCESSIVE DROP. ATTMPTD FEATHER R PROP,UN FEATHER DUE PRESSURE SWITCH MALFUNCTION.                     ","<R PROP, UNABLE TO FEATHER, PRESSURE SWITCH MALFUNCTION>","<R PROP, UNABLE TO FEATHER, PRESSURE SWITCH MALFUNCTION>"
19770120001659A,RUDDER GUST LOCK ENGAGED.ICE ON WINGS.OVERWEIGHT                                                                   ,"<RUDDER GUST LOCK, ENGAGED, NULL>","<RUDDER GUST LOCK, ENGAGED, NULL>"
19770702018479A,RUDDER & AIL CTL CABLES LOOSE. R RUDDER CABLE CAUGHT UNDER BATTERY BOX SUPPORT STRUCTURE.                          ,"<R RUDDER CABLE, PART OF, BATTERY BOX SUPPORT STRUCTURE>","<R RUDDER CABLE, PART OF, BATTERY BOX SUPPORT STRUCTURE>"
19770814024089A,L MAG INOP.#5 CYL COMPRESSION 25/80.                                                                               ,"<L MAG, INFLUENCED BY, INOP>","<L MAG, INFLUENCED BY, INOP>"
19770530012939A,WRONG PROP INSTALLED                                                                                               ,"<WRONG PROP, INSTANCE OF, INSTALLED>","<WRONG PROP, INSTANCE OF, INSTALLED>"
19770528021299A,APRX 1/2 CUPFULL FLUID UNDER R BRAKE PRIOR TO DEPARTURE.                                                           ,"<R BRAKE, LOCATION, UNDER>","<R BRAKE, LOCATION, UNDER>"
19770705018649A,MIXTURE CONTROL BALL BEARING MISSING FROM HANDLE                                                                   ,"<MIXTURE CONTROL, PART OF, HANDLE>","<MIXTURE CONTROL, PART OF, HANDLE>"
19770622022049A,OIL FILLER CAP MISSING.                                                                                            ,"<OIL FILLER CAP, NOT FASTENED, NULL>","<OIL FILLER CAP, NOT FASTENED, NULL>"
19770610021339A,ACFT N42807 & N7930C SUBSTANTIALLY DMGD. PLT CONTINUED TAXIING AFTER TOTAL HYD FAILURE.                            ,"<ACFT N42807, DAMAGED, SUBSTANTIALLY>
<ACFT N7930C, DAMAGED, SUBSTANTIALLY>
<PLT, CONTINUED TAXIING, AFTER TOTAL HYD FAILURE>","<ACFT N42807, DAMAGED, SUBSTANTIALLY>
<ACFT N7930C, DAMAGED, SUBSTANTIALLY>
<PLT, CONTINUED TAXIING, AFTER TOTAL HYD FAILURE>"
19770622018359A,PLT DID NOT USE EMERG LNDNG GR EXTNSN AFTER ELECTRICAL PWR FAILURE.                                                ,"<PLT, DID NOT USE, EMERG GR DOWN SYS>
<ELECT SYST, FAILURE, ELECTRIC POWER>","<PLT, DID NOT USE, EMERG GR DOWN SYS>
<ELECT SYST, FAILURE, ELECTRIC POWER>"
19770617020389A,INSUFFICIENT ALTITUDE FOR SUCCESSFUL AUTOROTATION.                                                                 ,"<INSUFFICIENT ALTITUDE, HAS EFFECT, UNSUCCESSFUL AUTOROTATION>","<INSUFFICIENT ALTITUDE, HAS EFFECT, UNSUCCESSFUL AUTOROTATION>"
19770530015519A,"CHOKER CABLE STILL CONNECTED TO CARGO HOOK DURING FLT, FREE TO TRAIL IN SLIPSTREAM, STRUCK T/R.                    ","<CHOKER CABLE, CONNECTED TO, CARGO HOOK>
<CHOKER CABLE, DURING, FLT>
<CHOKER CABLE, FREE TO TRAIL, SLIPSTREAM>
<CHOKER CABLE, STRUCK, T/R>","<CHOKER CABLE, CONNECTED TO, CARGO HOOK>
<CHOKER CABLE, DURING, FLT>
<CHOKER CABLE, FREE TO TRAIL, SLIPSTREAM>
<CHOKER CABLE, STRUCK, T/R>"
19770703018529A,OIL TEMP BULB RETAINING NUT FINGER TIGHT.FIRST FLT AFTR ANNUAL.                                                    ,"<FIRST FLT, TIME PERIOD, AFTER ANNUAL>","<FIRST FLT, TIME PERIOD, AFTER ANNUAL>"
19770706020519A,AN175-16 HAD PULLED THROUGH TORQUE LINK CENTER SCISSORS.WASHER CRACKED & SEPARATED FRM BOLT.                       ,"<WASHER, CRACKED, NULL>","<WASHER, CRACKED, NULL>"
19770912040629A,APRX 1745LBS OVR MAX GWT.ENG NOT FEATHERED.AUTOFEATHER NOT CONNECTED.100 OCTANE FUEL.                              ,"<ENG, NOT FEATHERED, NULL>","<ENG, NOT FEATHERED, NULL>"
19780106001449I,"EMERGENCY LANDING AFTER ENGINE QUIT. CAUSE WAS IMPROPER PREFLIGHT, OUT OF FUEL.                                    ","<EMERGENCY OFF AIRPORT LANDING, HAS CAUSE, IMPROPER PREFLIGHT>
<EMERGENCY OFF AIRPORT LANDING, HAS CAUSE, RAN OUT OF FUEL>
<ENGINE, QUIT, NULL>","<EMERGENCY OFF AIRPORT LANDING, HAS CAUSE, IMPROPER PREFLIGHT>
<EMERGENCY OFF AIRPORT LANDING, HAS CAUSE, RAN OUT OF FUEL>
<ENGINE, QUIT, NULL>"
19780110002479I,FORCED LANDING AFTER ENGINE QUIT. SUSPECT WATER IN FUEL.                                                           ,"<FORCED LANDING, FOLLOWS, ENGINE QUIT>
<ENGINE QUIT, HAS CAUSE, WATER IN FUEL>","<FORCED LANDING, FOLLOWS, ENGINE QUIT>
<ENGINE QUIT, HAS CAUSE, WATER IN FUEL>"
19780112002729I,FORCED LANDING AFTER POWER LOSS. WATER FOUND IN FUEL.                                                              ,"<FORCED LANDING, HAS CAUSE, POWER LOSS>
<WATER, LOCATION, FUEL>","<FORCED LANDING, HAS CAUSE, POWER LOSS>
<WATER, LOCATION, FUEL>"
19780108002219I,FORCED LANDING AFTER ENGINE QUIT. FOUND FROZEN WATER IN FUEL SYSTEM.                                               ,"<FORCED LANDING, FOLLOWS, ENGINE QUIT>
<WATER IN FUEL, HAS EFFECT, FROZEN>","<FORCED LANDING, FOLLOWS, ENGINE QUIT>
<WATER IN FUEL, HAS EFFECT, FROZEN>"
19780113002859I,"ABORTED TAKEOFF DUE TO UNLOCKED DOOR, UNABLE TO STOP BEFORE STRIKING SNOW BANK.                                    ","<ABORTED, HAS CAUSE, UNLOCKED DOOR>","<ABORTED, HAS CAUSE, UNLOCKED DOOR>"
19780129004679I,"ENGINE QUIT, LANDING MADE ON FROZEN LAKE. ICE RESTRICTION IN MAIN FUEL STRAINER.                                   ","<ENGINE, HAS EFFECT, ENGINE QUIT>
<LANDING, LOCATION, FROZEN LAKE>
<ICE, LOCATION, MAIN FUEL STRAINER>","<ENGINE, HAS EFFECT, ENGINE QUIT>
<LANDING, LOCATION, FROZEN LAKE>
<ICE, LOCATION, MAIN FUEL STRAINER>"
19780203005449I,SHORTLY AFTER CHANGING FUEL TANKS ONE ENGINE BECAME ROUGH AND WAS SHUT DOWN. HAD BEEN TOPPED OFF WITH JET FUEL.    ,"<ENGINE, BECAME, ROUGH>
<ENGINE, WAS, SHUT DOWN>
<FUEL TANKS, CHANGING, SHORTLY AFTER>
<FUEL TANKS, HAD BEEN TOPPED OFF WITH, JET FUEL>","<ENGINE, BECAME, ROUGH>
<ENGINE, WAS, SHUT DOWN>
<FUEL TANKS, CHANGING, SHORTLY AFTER>
<FUEL TANKS, HAD BEEN TOPPED OFF WITH, JET FUEL>"
19780205005989I,"ENGINE VIBRATED, LOST POWER, THEN QUIT. CARBURETOR FLOAT BOWL CONTAMINATED WITH WATER.                             ","<ENGINE, LOST POWER, NULL>
<ENGINE, QUIT, NULL>
<CARBURETOR FLOAT BOWL, CONTAMINATED WITH, WATER>","<ENGINE, LOST POWER, NULL>
<ENGINE, QUIT, NULL>
<CARBURETOR FLOAT BOWL, CONTAMINATED WITH, WATER>"
19780121004029I,GEAR SWITCH WAS NOT IN THE DOWN POSITION AND GEAR RETRACTED DURING TAKE OFF ROLL.                                  ,"<GEAR, RETRACT, DURING TAKEOFF ROLL>","<GEAR, RETRACT, DURING TAKEOFF ROLL>"
19780130004789I,PILOT FAILED TO CHECK POSITION OF GEAR HANDLE. GEAR RETRACTED ON TAKEOFF ROLL.                                     ,"<GEAR, RETRACT, TAKEOFF ROLL>","<GEAR, RETRACT, TAKEOFF ROLL>"
19780102000459I,"TAXIED OFF RUNWAY, STRUCK DITCH AT NIGHT. LANDING LIGHT WAS INOPERATIVE.                                           ","<TAXIED OFF RUNWAY, STRUCK, DITCH>","<TAXIED OFF RUNWAY, STRUCK, DITCH>"
19771213042839A,"RUDDER,R AIL CTL LOCKS INSTALLED.REAR CG AFT OF OPTIMUM RANGE BUT FORWARD OF REARMOST LIMIT.                       ","<R AIL CTL LOCKS, INSTALLED, NULL>","<R AIL CTL LOCKS, INSTALLED, NULL>"
19771104034549A,"RT BRAKE PUCK 70 WORN,FADING FOR LAST WK.                                                                          ","<RT BRAKE, WORN OUT & INEFFECTIVE BRAKES, NULL>","<RT BRAKE, WORN OUT & INEFFECTIVE BRAKES, NULL>"
19770927027719A,WATER IN REAR COMPTMT FLOATS.EXCEEDED AFT CG LMT.THROTTLE FRICTION LOOSE.                                          ,"<FLOATS, PART OF, REAR COMPTMT>
<REAR COMPTMT, HAS EFFECT, EXCEEDED AFT CG LMT>
<THROTTLE FRICTION, LOOSE, NULL>","<FLOATS, PART OF, REAR COMPTMT>
<REAR COMPTMT, HAS EFFECT, EXCEEDED AFT CG LMT>
<THROTTLE FRICTION, LOOSE, NULL>"
19780115003139I,NEW AIRCRAFT OWNER NOT AWARE OF PURPOSE OR OPERATION OF QUICK DRAIN. PARTIALLY OPENED ON PREFLIGHT.                ,"<NEW AIRCRAFT OWNER, NOT AWARE OF, PURPOSE OR OPERATION OF QUICK DRAIN>
<QUICK DRAIN, PARTIALLY OPENED ON, PREFLIGHT>","<NEW AIRCRAFT OWNER, NOT AWARE OF, PURPOSE OR OPERATION OF QUICK DRAIN>
<QUICK DRAIN, PARTIALLY OPENED ON, PREFLIGHT>"
19780206006149I,"PILOT FAILED TO REMOVE TOW BAR BEFORE TAKEOFF. STRANGE NOISE DURING RETRACTION. GEAR EXTENDED OK, LANDED OK.       ","<PILOT, FAILED TO REMOVE, TOW BAR>","<PILOT, FAILED TO REMOVE, TOW BAR>"
19771016042599A,WIND GUSTING TO 25.                                                                                                ,"<WIND, HAS EFFECT, GUSTING TO 25>","<WIND, HAS EFFECT, GUSTING TO 25>"
19780206006039I,ENGINE COWLING CAME LOOSE IN FLIGHT. IT HAD NOT BEEN LATCHED PROPERLY.                                             ,"<ENGINE COWLING, LOOSE, INFLIGHT>","<ENGINE COWLING, LOOSE, INFLIGHT>"
19780208007759I,PILOT OBSERVED GEAR SAFE LIGHTS BUT GEAR COLLAPSED AFTER LANDING. HYDRAULIC RESERVOIR OUT OF FLUID.                ,"<GEAR, COLLAPSED, AFTER LANDING>","<GEAR, COLLAPSED, AFTER LANDING>"
19780210006769I,"ENGINE QUIT AT 200 FEET AFTER TAKEOFF DUE TO WATER IN THE FUEL. NO PILOT CERTIFICATE, NO ANNUAL.                   ","<ENGINE, HAS EFFECT, QUIT>
<ENGINE QUIT, FOLLOWS, AFTER TAKEOFF>
<ENGINE QUIT, HAS CAUSE, WATER IN THE FUEL>","<ENGINE, HAS EFFECT, QUIT>
<ENGINE QUIT, FOLLOWS, AFTER TAKEOFF>
<ENGINE QUIT, HAS CAUSE, WATER IN THE FUEL>"
19780211006969I,"NOSE GEAR COLLAPSED WHILE WAITING FOR TAKEOFF. WAS BEING FERRIED FROM AN EARLIER COLLAPSE, NOSE GEAR NOT BRACED.   ","<NOSE GEAR, COLLAPSED, WHILE WAITING FOR TAKEOFF>
<NOSE GEAR, NOT BRACED, NULL>
<NOSE GEAR, PART OF, FERRIED FROM AN EARLIER COLLAPSE>","<NOSE GEAR, COLLAPSED, WHILE WAITING FOR TAKEOFF>
<NOSE GEAR, NOT BRACED, NULL>
<NOSE GEAR, PART OF, FERRIED FROM AN EARLIER COLLAPSE>"
19780219007659I,ENGINE QUIT DUE TO ICE IN THE FUEL SYSTEM.                                                                         ,"<ENGINE QUIT, HAS CAUSE, ICE IN THE FUEL SYSTEM>","<ENGINE QUIT, HAS CAUSE, ICE IN THE FUEL SYSTEM>"
19780212006439I,PILOT UNABLE TO BECOME AIRBORNE DUE TO FROST ON THE WINGS AND FALURE TO USE FULL POWER.                            ,"<PILOT, UNABLE TO STAY AIRBORNE, FROST ON THE WINGS>
<PILOT, UNABLE TO STAY AIRBORNE, FAILURE TO USE FULL POWER>","<PILOT, UNABLE TO STAY AIRBORNE, FROST ON THE WINGS>
<PILOT, UNABLE TO STAY AIRBORNE, FAILURE TO USE FULL POWER>"
19780213006479I,ENGINE SHUT DOWN DUE TO LOW OIL PRESSURE. DIP STICK FOUND TO BE MISSING.                                           ,"<ENGINE, SHUT DOWN, LOW OIL PRESSURE>","<ENGINE, SHUT DOWN, LOW OIL PRESSURE>"
19780218007139I,PILOT INTENDED TO FLY LOCALLY AFTER RECENT BLIZZARD. ENGINE QUIT AFTER TAKEOFF DUE TO SNOW PACKED IN ENGINE COWL.  ,"<ENGINE, QUIT, AFTER TAKEOFF>
<ENGINE, HAS CAUSE, SNOW PACKED IN ENGINE COWL>","<ENGINE, QUIT, AFTER TAKEOFF>
<ENGINE, HAS CAUSE, SNOW PACKED IN ENGINE COWL>"
19780225001789I,"ENGINE STOPPED SHORTLY AFTER TAKEOFF FROM REFUELING. SYSTEM, GASCOLATOR AND CARBURETOR CONTAINED WATER.            ","<ENGINE, STOPPED, SHORTLY AFTER TAKEOFF>
<ENGINE, HAS CAUSE, WATER IN FUEL>
<WATER IN FUEL, PART OF, SYSTEM>
<WATER IN FUEL, PART OF, GASCOLATOR>
<WATER IN FUEL, PART OF, CARBURETOR>","<ENGINE, STOPPED, SHORTLY AFTER TAKEOFF>
<ENGINE, HAS CAUSE, WATER IN FUEL>
<WATER IN FUEL, PART OF, SYSTEM>
<WATER IN FUEL, PART OF, GASCOLATOR>
<WATER IN FUEL, PART OF, CARBURETOR>"
19780225001819I,ENGINE STOPPED SOON AFTER LIFT OFF DUE TO FUEL EXHAUSTION. PILOT CLAIMS FUEL GAUGE FAULTY.                         ,"<ENGINE, HAS CAUSE, FUEL EXHAUSTION>
<ENGINE, FOLLOWS, LIFTOFF>","<ENGINE, HAS CAUSE, FUEL EXHAUSTION>
<ENGINE, FOLLOWS, LIFTOFF>"
19780307014069I,PILOT STRUCK AN UNLIGHTED BARRICADE DURING TAXI FROM LANDING.                                                      ,"<PILOT, STRUCK, UNLIGHTED BARRICADE>","<PILOT, STRUCK, UNLIGHTED BARRICADE>"
19780221000179I,"PILOT MADE EMERGENCY LANDING DUE TO LOW OIL PRESSURE. NEARLY OUT OF OIL, PILOT HAD NOT CHECKED IT BEFORE TAKEOFF.  ","<EMERGENCY OFF AIRPORT LANDING, HAS CAUSE, LOW OIL PRESSURE>
<LOW OIL PRESSURE, HAS CAUSE, LOW ON OIL>
<LOW ON OIL, HAS CAUSE, FAILED TO VISUALLY CHECK FUEL>","<EMERGENCY OFF AIRPORT LANDING, HAS CAUSE, LOW OIL PRESSURE>
<LOW OIL PRESSURE, HAS CAUSE, LOW ON OIL>
<LOW ON OIL, HAS CAUSE, FAILED TO VISUALLY CHECK FUEL>"
19780228000419I,ENGINE BEGAN SURGING IN FLIGHT. ENGINE SHUT DOWN. FUEL CONTAMINATION SUSPECTED.                                    ,"<ENGINE, HAS EFFECT, BEGAN SURGING>
<ENGINE, SHUT DOWN, NULL>
<ENGINE, HAS CAUSE, FUEL CONTAMINATION>","<ENGINE, HAS EFFECT, BEGAN SURGING>
<ENGINE, SHUT DOWN, NULL>
<ENGINE, HAS CAUSE, FUEL CONTAMINATION>"
19780303015509I,ELECTRICAL EMERGENCY FOLLOWED JUMP START AND TAKEOFF. LANDING GEAR COLLAPSED AT TOUCHDOWN.                         ,"<ELECTRICAL EMERGENCY, FOLLOWS, JUMP START>
<ELECTRICAL EMERGENCY, FOLLOWS, TAKEOFF>
<LANDING GEAR, COLLAPSED, TOUCHDOWN>","<ELECTRICAL EMERGENCY, FOLLOWS, JUMP START>
<ELECTRICAL EMERGENCY, FOLLOWS, TAKEOFF>
<LANDING GEAR, COLLAPSED, TOUCHDOWN>"
19780311016379I,"PILOT LOST DIRECTIONAL CONTROL AFTER TOUCHDOWN. BRAKES WERE WORN OUT, BRAKE RESERVOIR WAS EMPTY.                   ","<PILOT, LOST CONTROL, AFTER TOUCHDOWN>
<BRAKES, WORN OUT, NULL>
<BRAKE RESERVOIR, EMPTY, NULL>","<PILOT, LOST CONTROL, AFTER TOUCHDOWN>
<BRAKES, WORN OUT, NULL>
<BRAKE RESERVOIR, EMPTY, NULL>"
19780327010619I,"PILOT LOST FUEL IN FLIGHT DUE TO FUEL CAPS ON BACKWARD. LANDED FOR FUEL, NON AVAILABLE. TOOK OFF, RAN OUT.         ","<PILOT, LOST, FUEL>
<FUEL, LOST, INFLIGHT>
<FUEL CAPS, ON BACKWARD, FUEL>
<PILOT, LANDED FOR, FUEL>
<FUEL, NON AVAILABLE, PILOT>
<PILOT, TOOK OFF, RAN OUT>","<PILOT, LOST, FUEL>
<FUEL, LOST, INFLIGHT>
<FUEL CAPS, ON BACKWARD, FUEL>
<PILOT, LANDED FOR, FUEL>
<FUEL, NON AVAILABLE, PILOT>
<PILOT, TOOK OFF, RAN OUT>"
19780421012829I,"PILOT NOTED AIRCRAFT LIGHT DIMMING ON NIGHT FLIGHT. RETURNED, GEAR HANDLE DOWN. GEAR COLLAPSED ON TOUCHDOWN.       ","<AIRCRAFT, USED BY, PILOT>
<AIRCRAFT LIGHT, INFLUENCED BY, DIMMING>
<FLIGHT, TIME PERIOD, NIGHT>
<PILOT, RETURNED, AIRCRAFT>
<GEAR HANDLE, POSITION, DOWN>
<GEAR, COLLAPSED, TOUCHDOWN>","<AIRCRAFT, USED BY, PILOT>
<AIRCRAFT LIGHT, INFLUENCED BY, DIMMING>
<FLIGHT, TIME PERIOD, NIGHT>
<PILOT, RETURNED, AIRCRAFT>
<GEAR HANDLE, POSITION, DOWN>
<GEAR, COLLAPSED, TOUCHDOWN>"
19780316008589I,PILOT OVER RAN RUNWAY INTO A DITCH DUE TO BRAKE FAILURE. SYSTEM NEEDED TO BE PURGED OF AIR.                        ,"<PILOT, RAN OFF, RUNWAY>
<RUNWAY, LOCATION, DITCH>
<BRAKE, FAILURE, NULL>
<SYSTEM, NEEDED, PURGED OF AIR>","<PILOT, RAN OFF, RUNWAY>
<RUNWAY, LOCATION, DITCH>
<BRAKE, FAILURE, NULL>
<SYSTEM, NEEDED, PURGED OF AIR>"
19780319009079I,BOLT IN NOSE GEAR SCISSORS CAME OUT DURING TAKEOFF. NOSE WHEEL DROPPED OUT AFTER LIFTOFF.                          ,"<NOSE GEAR SCISSORS, CAME OUT, DURING TAKEOFF>
<NOSE WHEEL, DROPPED OUT, AFTER LIFTOFF>","<NOSE GEAR SCISSORS, CAME OUT, DURING TAKEOFF>
<NOSE WHEEL, DROPPED OUT, AFTER LIFTOFF>"
19780325010349I,ENGINE STOPPED ON FINAL APPROACH DUE TO WATER CONTAMINATION IN THE FUEL SYSTEM.                                    ,"<ENGINE, HAS CAUSE, WATER CONTAMINATION IN THE FUEL SYSTEM>","<ENGINE, HAS CAUSE, WATER CONTAMINATION IN THE FUEL SYSTEM>"
19780328011399I,ENGINE QUIT AFTER LIFT OFF DUE TO WATER IN THE FUEL SYSTEM.                                                        ,"<ENGINE QUIT, FOLLOWS, LIFT OFF>
<ENGINE QUIT, HAS CAUSE, WATER IN THE FUEL SYSTEM>","<ENGINE QUIT, FOLLOWS, LIFT OFF>
<ENGINE QUIT, HAS CAUSE, WATER IN THE FUEL SYSTEM>"
19780330011569I,"PILOT LOST ELECTRICAL POWER, EXTENDED GEAR MANUALLY. GEAR COLLAPSED. BOTH GENERATOR ARMATURES EXTREMELY GALLED.    ","<PILOT, LOST, ELECTRICAL POWER>
<GEAR, EXTENDED BY, PILOT>
<GEAR, COLLAPSED, NULL>
<GENERATOR ARMATURES, EXTREMELY GALLED, NULL>","<PILOT, LOST, ELECTRICAL POWER>
<GEAR, EXTENDED BY, PILOT>
<GEAR, COLLAPSED, NULL>
<GENERATOR ARMATURES, EXTREMELY GALLED, NULL>"
19780402009009I,GEAR COLLAPSED ON ROLLOUT. PILOT HAD ELECTRICAL FAILURE ON FINAL. FAILED TO USE EMERGENCY GEAR EXTENSION.          ,"<GEAR, COLLAPSED, ROLLOUT>
<PILOT, HAD, ELECTRICAL FAILURE>
<ELECTRICAL FAILURE, LOCATION, FINAL>
<PILOT, FAILED TO USE, EMERGENCY GEAR EXTENSION>","<GEAR, COLLAPSED, ROLLOUT>
<PILOT, HAD, ELECTRICAL FAILURE>
<ELECTRICAL FAILURE, LOCATION, FINAL>
<PILOT, FAILED TO USE, EMERGENCY GEAR EXTENSION>"
19780401007929I,NOSE GEAR FELL INTO HOLE IN TAXIWAY WHILE TAXIING. HOLE WAS COVERED OVER WITH MUD AND LOOSE GRAVEL.                ,"<NOSE GEAR, PART OF, AIRCRAFT>","<NOSE GEAR, PART OF, AIRCRAFT>"
19780403009359I,LANDED SHORT OF RUNWAY AFTER ENGINE QUIT ON SHORT FINAL. FOUND WATER IN FUEL.                                      ,"<ENGINE, QUIT, SHORT FINAL>
<LANDED, LOCATION, SHORT OF RUNWAY>
<WATER, IN, FUEL>","<ENGINE, QUIT, SHORT FINAL>
<LANDED, LOCATION, SHORT OF RUNWAY>
<WATER, IN, FUEL>"
19780403009389I,FORCED LANDING ON HIGHWAY AFTER ENGINE LOST POWER. FOUND FUEL GASOLATOR CONTAMINATED.                              ,"<FORCED LANDING, LOCATION, HIGHWAY>
<ENGINE, LOST POWER, NULL>
<FUEL GASCOLATOR, CONTAMINATED, NULL>","<FORCED LANDING, LOCATION, HIGHWAY>
<ENGINE, LOST POWER, NULL>
<FUEL GASCOLATOR, CONTAMINATED, NULL>"
19780409009699I,"PILOT EXTENDED GEAR MANUALLY DUE TO ELECTRICAL FAILURE,GEAR COLLAPSED AFTER TOUCHDOWN.                             ","<ELECTRICAL FAILURE, HAS EFFECT, EXTENDED GEAR MANUALLY>
<GEAR, COLLAPSED, AFTER TOUCHDOWN>","<ELECTRICAL FAILURE, HAS EFFECT, EXTENDED GEAR MANUALLY>
<GEAR, COLLAPSED, AFTER TOUCHDOWN>"
19780210005719I,"PILOT HAD CARB. HEAT ON, COULD NOT TURN IT OFF, ENGINE STOPPED. CONTROL VALVE FOUND STUCK FROM ICE AT 1/2 OPEN.    ","<ENGINE, HAS CAUSE, ICE>","<ENGINE, HAS CAUSE, ICE>"
19780416008469I,WATER IN FUEL CAUSED ENGINE TO QUIT ON TAKEOFF. DAMAGE TO GEAR WHEN PLANE HIT TAXIWAY LIP AFTER LANDING.           ,"<WATER IN FUEL, HAS CAUSE, ENGINE TO QUIT>","<WATER IN FUEL, HAS CAUSE, ENGINE TO QUIT>"
19780309015599I,ENGINE STOPPED DUE TO VACUUM IN THE TANK. PILOT USING A NON-VENTED CAP. RIGHT TANK WAS NOT FUELED DUE TO FUEL LEAK.,"<ENGINE, HAS CAUSE, VACUUM IN THE TANK>
<PILOT, USED BY, NON-VENTED CAP>
<RIGHT TANK, HAS CAUSE, FUEL LEAK>","<ENGINE, HAS CAUSE, VACUUM IN THE TANK>
<PILOT, USED BY, NON-VENTED CAP>
<RIGHT TANK, HAS CAUSE, FUEL LEAK>"
19780413019379A,PLT AWARE OF FULL NOSE DOWN TRIM. 0.10 LVL ALCOHOL IN LIVER SPEC.45LBS FORCE RQD FOR LVL FLT.                      ,"<PLT, AWARE OF, FULL NOSE DOWN TRIM>","<PLT, AWARE OF, FULL NOSE DOWN TRIM>"
19780507032369I,"FORCED LANDING DUE TO OIL LEAK, FOUND LOOSE OIL CAP.                                                               ","<FORCED LANDING, HAS CAUSE, OIL LEAK>","<FORCED LANDING, HAS CAUSE, OIL LEAK>"
19780525040389I,BRAKES WERE INEFFECTIVE ON LANDING. RAN THROUGH FENCE.                                                             ,"<BRAKES, INEFFECTIVE, LANDING>","<BRAKES, INEFFECTIVE, LANDING>"
19780617046219I,FLIGHT RETURNED DUE TO MAG. FAILURE. PILOTS TOOK OFF BEFORE REPAIRS WERE COMPLETED.                                ,"<FLIGHT, HAS CAUSE, MAG. FAILURE>","<FLIGHT, HAS CAUSE, MAG. FAILURE>"
19780520014159A,GUSTING TO 30K.                                                                                                    ,"<GUSTING TO 25, FOLLOWED BY, GUSTING TO 30K>","<GUSTING TO 25, FOLLOWED BY, GUSTING TO 30K>"
19780427013959I,FAILURE OF 2 TIRES AS AIRCRAFT WAS CLEARED FOR TAKEOFF.                                                            ,"<AIRCRAFT, CLEARED FOR, TAKEOFF>","<AIRCRAFT, CLEARED FOR, TAKEOFF>"
19780429014759I,FUEL CAP OFF AIRCRAFT. THOROUGH DRAINING OF SUMPS WITH WATER IN FUEL. ENGINE QUIT. LANDED ON FREEWAY.              ,"<FUEL CAP, PART OF, AIRCRAFT>
<WATER IN FUEL, HAS EFFECT, ENGINE QUIT>
<ENGINE QUIT, HAS EFFECT, LANDED ON FREEWAY>","<FUEL CAP, PART OF, AIRCRAFT>
<WATER IN FUEL, HAS EFFECT, ENGINE QUIT>
<ENGINE QUIT, HAS EFFECT, LANDED ON FREEWAY>"
19780501031459I,UNSCHEDULED LANDING DUE TO OIL COMING FROM ENGINES. BOTH OIL CAPS NOT LOCKED PROPERLY.                             ,"<UNSCHEDULED LANDING, HAS CAUSE, OIL COMING FROM ENGINES>
<OIL COMING FROM ENGINES, HAS CAUSE, BOTH OIL CAPS NOT LOCKED PROPERLY>","<UNSCHEDULED LANDING, HAS CAUSE, OIL COMING FROM ENGINES>
<OIL COMING FROM ENGINES, HAS CAUSE, BOTH OIL CAPS NOT LOCKED PROPERLY>"
19780503031639I,PILOT UNABLE TO EXTEND GEAR DUE TO FAULTY GEAR ACTUATOR.                                                           ,"<UNABLE TO EXTEND GEAR, HAS CAUSE, FAULTY GEAR ACTUATOR>","<UNABLE TO EXTEND GEAR, HAS CAUSE, FAULTY GEAR ACTUATOR>"
19780504031959I,"DOOR POPPED OPEN ON TAKEOFF, PILOT LOST CONTROL WHILE TRYING TO LATCH DOOR, RAN OFF SIDE OF RUNWAY.                ","<DOOR, UNLOCKED, TAKEOFF>
<PILOT, LOST CONTROL, UNLOCKED DOOR>
<RAN OFF, LOCATION, SIDE OF RUNWAY>","<DOOR, UNLOCKED, TAKEOFF>
<PILOT, LOST CONTROL, UNLOCKED DOOR>
<RAN OFF, LOCATION, SIDE OF RUNWAY>"
19780514033439I,ENGINE FIRE CAUSED BY BIRDS NEST.                                                                                  ,"<ENGINE FIRE, HAS CAUSE, BIRDS NEST>","<ENGINE FIRE, HAS CAUSE, BIRDS NEST>"
19780518033959I,ON THIRD TOUCH AND GO ENGINE BACKFIRED AND QUIT. LANDED STRAIGHT AHEAD. PROBABLY WATER IN FUEL.                    ,"<ENGINE, BACKFIRED, QUIT>
<ENGINE, HAS CAUSE, WATER IN FUEL>","<ENGINE, BACKFIRED, QUIT>
<ENGINE, HAS CAUSE, WATER IN FUEL>"
19780519033989I,JETWAY WAS EXTENDED INTO SIDE OF AIRCRAFT AS IT TAXIIED INTO THE PARKING AREA.                                     ,"<JETWAY, EXTENDED INTO, SIDE OF AIRCRAFT>
<AIRCRAFT, TAXIIED INTO, PARKING AREA>","<JETWAY, EXTENDED INTO, SIDE OF AIRCRAFT>
<AIRCRAFT, TAXIIED INTO, PARKING AREA>"
19780522035289I,ENGINE QUIT ON TAKEOFF. WATER IN FUEL.                                                                             ,"<ENGINE, QUIT, TAKEOFF>
<WATER, IN, FUEL>","<ENGINE, QUIT, TAKEOFF>
<WATER, IN, FUEL>"
19780526040429I,PILOT INADVERTANTLY PUT GEAR HANDLE IN UP POSITION WHILE TAXIING. DURING RUNUP TURNED HYDRAULIC ON. GEAR RETRACTED.,"<GEAR HANDLE, LOCATION, UP POSITION>
<PILOT, USED BY, GEAR HANDLE>
<TAXIING, FOLLOWS, PUT GEAR HANDLE IN UP POSITION>
<RUNUP, FOLLOWS, TAXIING>
<HYDRAULIC, USED BY, PILOT>
<GEAR, RETRACT, DURING RUNUP>","<GEAR HANDLE, LOCATION, UP POSITION>
<PILOT, USED BY, GEAR HANDLE>
<TAXIING, FOLLOWS, PUT GEAR HANDLE IN UP POSITION>
<RUNUP, FOLLOWS, TAXIING>
<HYDRAULIC, USED BY, PILOT>
<GEAR, RETRACT, DURING RUNUP>"
19780528040689I,"AFTER WORKING ON HOME-BUILT, PILOT TOOK OFF WITHOUT CONNECTING AILERON CONTROLS.                                   ","<PILOT, FAILED TO REMOVE, AIR INTAKE PLUGS>","<PILOT, FAILED TO REMOVE, AIR INTAKE PLUGS>"
19780529040959I,ENGINE SPUTTERED AND QUIT AT CRUISE. LANDED IN MARSHY AREA AND TIPPED UP ON NOSE. WATER IN FUEL.                   ,"<ENGINE, QUIT, CRUISE>
<LANDED, LOCATION, MARSHY AREA>
<WATER IN FUEL, HAS CAUSE, ENGINE QUIT>","<ENGINE, QUIT, CRUISE>
<LANDED, LOCATION, MARSHY AREA>
<WATER IN FUEL, HAS CAUSE, ENGINE QUIT>"
19780515023299A,LOGGING OPNS. CABLE CAUGHT ON L SKID.                                                                              ,"<CABLE, CAUGHT ON, L SKID>","<CABLE, CAUGHT ON, L SKID>"
19780603041599I,"FLOAT PLANE RIDING LOW IN THE WATER AFTER NORMAL LANDING, SANK. MUST HAVE HAD WATER IN FLOATS, BALL COVERS GONE.   ","<FLOAT PLANE, AFTER, NORMAL LANDING>
<FLOAT PLANE, SANK, NULL>
<FLOAT PLANE, MUST HAVE HAD, WATER IN FLOATS>
<WATER IN FLOATS, CAUSED BY, BALL COVERS GONE>","<FLOAT PLANE, AFTER, NORMAL LANDING>
<FLOAT PLANE, SANK, NULL>
<FLOAT PLANE, MUST HAVE HAD, WATER IN FLOATS>
<WATER IN FLOATS, CAUSED BY, BALL COVERS GONE>"
19780603041629I,FLOAT STRUT COLLAPSED DURING TAKEOFF RUN. WAS DAMAGED FROM PREVIOUS HARD LANDING. WIRED TO A BRACE BY THE PILOT.   ,"<FLOAT STRUT, COLLAPSED, DURING TAKEOFF RUN>
<FLOAT STRUT, DAMAGED, PREVIOUS HARD LANDING>
<FLOAT STRUT, WIRED TO, BRACE>","<FLOAT STRUT, COLLAPSED, DURING TAKEOFF RUN>
<FLOAT STRUT, DAMAGED, PREVIOUS HARD LANDING>
<FLOAT STRUT, WIRED TO, BRACE>"
19780610045289I,SPRING LOADED TANK DRAIN VALVE LEFT PARTIALLY OPEN. SPRAY HELICOPTER RAN OUT OF FUEL.                              ,"<SPRAY HELICOPTER, RAN OUT OF, FUEL>","<SPRAY HELICOPTER, RAN OUT OF, FUEL>"
19780613045599I,ENGINE QUIT DUE TO WATER IN THE FUEL SYSTEM.                                                                       ,"<ENGINE QUIT, HAS CAUSE, WATER IN THE FUEL SYSTEM>","<ENGINE QUIT, HAS CAUSE, WATER IN THE FUEL SYSTEM>"
